{
  "resource_gini": 0.31796778134789433,
  "resource_gini_std": 0.011992706263739923,
  "reproductive_skew": 0.45719541527889984,
  "reproductive_skew_std": 0.013994645109567409,
  "violence_rate": 0.015272675436293357,
  "violence_rate_std": 0.001502533603173364,
  "violence_death_frac": 0.042815095894977104,
  "violence_death_frac_std": 0.0025287875007141756,
  "pair_bonded_pct": 0.3706147196686242,
  "pair_bonded_pct_std": 0.01175153748366642,
  "unmated_male_pct": 0.274009744769199,
  "unmated_male_pct_std": 0.019527240246804,
  "avg_lifetime_births": 3.9448588352870972,
  "avg_lifetime_births_std": 0.3337754097657876,
  "child_survival": 0.6862236620476627,
  "child_survival_std": 0.01505678658426665,
  "bond_dissolution": 0.10340796712887639,
  "bond_dissolution_std": 0.005575921842474231,
  "avg_lifespan": 18.578847995288758,
  "avg_lifespan_std": 1.0855192302952172,
  "pop_growth_rate": 0.002128666908770845,
  "pop_growth_rate_std": 0.006886403101572878,
  "avg_cooperation": 0.5055395125608768,
  "avg_cooperation_std": 0.014275963008609479,
  "avg_aggression": 0.47728189636425844,
  "avg_aggression_std": 0.025220461677234407,
  "avg_intelligence": 0.5544203132664067,
  "avg_intelligence_std": 0.014133616172630876,
  "law_strength": 0.4691014426952428,
  "law_strength_std": 0.035094960873745994,
  "civilization_stability": 0.7700682283108071,
  "civilization_stability_std": 0.007127828788708556,
  "social_cohesion": 0.5628401126130026,
  "social_cohesion_std": 0.009860030981539078,
  "n_survived": 5,
  "n_seeds": 5
}