{
  "final_population": 725.2,
  "final_population_std": 223.8436061182003,
  "total_births": 17547.9,
  "total_births_std": 2245.1343144676225,
  "total_deaths": 16658.1,
  "total_deaths_std": 1991.394559096715,
  "total_conflicts": 4755.0,
  "total_conflicts_std": 875.4522259952281,
  "resource_gini": 0.37141062349998055,
  "resource_gini_std": 0.009159319584866868,
  "reproductive_skew": 0.46115399076715463,
  "reproductive_skew_std": 0.020997610418047336,
  "violence_rate": 0.008990296942615456,
  "violence_rate_std": 0.0019512393041114136,
  "violence_death_frac": 0.03629614898451253,
  "violence_death_frac_std": 0.005141627833714247,
  "pair_bonded_pct": 0.38115494587881904,
  "pair_bonded_pct_std": 0.009995962542925042,
  "unmated_male_pct": 0.284384125174232,
  "unmated_male_pct_std": 0.028172595708526163,
  "avg_lifetime_births": 3.9440674191184564,
  "avg_lifetime_births_std": 0.36118990774122,
  "child_survival": 0.6650456290693729,
  "child_survival_std": 0.008132326348709352,
  "bond_dissolution": 0.10708831949605006,
  "bond_dissolution_std": 0.00329630942763485,
  "avg_lifespan": 18.9735244842066,
  "avg_lifespan_std": 1.8636951702353393,
  "pop_growth_rate": -0.0015111095932934843,
  "pop_growth_rate_std": 0.009268602452292192,
  "avg_cooperation": 0.5322879514045272,
  "avg_cooperation_std": 0.025570121740936102,
  "avg_aggression": 0.4421030031142236,
  "avg_aggression_std": 0.02207945162492954,
  "avg_intelligence": 0.6357344722953021,
  "avg_intelligence_std": 0.024648711512178654,
  "law_strength": 0.944109667118026,
  "law_strength_std": 0.04283164714502223,
  "civilization_stability": 0.7640172826884964,
  "civilization_stability_std": 0.008802549753846778,
  "social_cohesion": 0.5850815404411283,
  "social_cohesion_std": 0.013600180965252586,
  "n_survived": 10,
  "n_seeds": 10
}