{
  "final_population": 67.4,
  "final_population_std": 31.15509589136262,
  "total_births": 3477.4,
  "total_births_std": 853.3970002290845,
  "total_deaths": 3815.8,
  "total_deaths_std": 836.5728659238237,
  "total_conflicts": 1724.0,
  "total_conflicts_std": 423.23681314365837,
  "resource_gini": 0.3511673191966695,
  "resource_gini_std": 0.017521466429605635,
  "reproductive_skew": 0.44076805804411745,
  "reproductive_skew_std": 0.04249996807948627,
  "violence_rate": 0.015825112418529703,
  "violence_rate_std": 0.009810159392348822,
  "violence_death_frac": 0.058108193912624784,
  "violence_death_frac_std": 0.005192627094338665,
  "pair_bonded_pct": 0.37721051937128963,
  "pair_bonded_pct_std": 0.028173682491271022,
  "unmated_male_pct": 0.28391649094330257,
  "unmated_male_pct_std": 0.0741176342886501,
  "avg_lifetime_births": 3.253332275021335,
  "avg_lifetime_births_std": 0.4954772899606432,
  "child_survival": 0.6169048114327718,
  "child_survival_std": 0.018102775525011144,
  "bond_dissolution": 0.10393185595217536,
  "bond_dissolution_std": 0.00895790070887238,
  "avg_lifespan": 15.62418718916545,
  "avg_lifespan_std": 2.993668729136021,
  "pop_growth_rate": 0.013208261117879889,
  "pop_growth_rate_std": 0.01377609855168732,
  "avg_cooperation": 0.488680549671025,
  "avg_cooperation_std": 0.08282386770069923,
  "avg_aggression": 0.4702498358057835,
  "avg_aggression_std": 0.07119143543189745,
  "avg_intelligence": 0.6198917958933238,
  "avg_intelligence_std": 0.041944235903662384,
  "law_strength": 0.8304311097362564,
  "law_strength_std": 0.11717675491211772,
  "civilization_stability": 0.7278141933133943,
  "civilization_stability_std": 0.042125743874420175,
  "social_cohesion": 0.5577145111251992,
  "social_cohesion_std": 0.039086631819686135,
  "n_survived": 10,
  "n_seeds": 10
}