{
  "final_population": 536.2,
  "final_population_std": 230.6364238363056,
  "total_births": 18288.5,
  "total_births_std": 2780.1978796481376,
  "total_deaths": 17692.7,
  "total_deaths_std": 2663.131504451104,
  "total_conflicts": 3044.7,
  "total_conflicts_std": 465.81843029231896,
  "resource_gini": 0.23467093932887573,
  "resource_gini_std": 0.011549454973337873,
  "reproductive_skew": 0.38789209867844765,
  "reproductive_skew_std": 0.020240525108370173,
  "violence_rate": 0.007208238350149139,
  "violence_rate_std": 0.0008217061175136991,
  "violence_death_frac": 0.022017914314001377,
  "violence_death_frac_std": 0.0014211347018640568,
  "pair_bonded_pct": 0.4120064420052872,
  "pair_bonded_pct_std": 0.015282067469462262,
  "unmated_male_pct": 0.13827396305517917,
  "unmated_male_pct_std": 0.0807439710887808,
  "avg_lifetime_births": 3.9564806378265893,
  "avg_lifetime_births_std": 0.3994550211903228,
  "child_survival": 0.6476682148267712,
  "child_survival_std": 0.012801423312543019,
  "bond_dissolution": 0.11147142872502466,
  "bond_dissolution_std": 0.003961972886698845,
  "avg_lifespan": 19.04154989473313,
  "avg_lifespan_std": 1.7589457082127289,
  "pop_growth_rate": 0.0036074184738645473,
  "pop_growth_rate_std": 0.011999816275854417,
  "avg_cooperation": 0.5231892049218729,
  "avg_cooperation_std": 0.027890055403725342,
  "avg_aggression": 0.4783494905906929,
  "avg_aggression_std": 0.01894232265041105,
  "avg_intelligence": 0.595515117667265,
  "avg_intelligence_std": 0.023147206299363305,
  "law_strength": 1.0,
  "law_strength_std": 0.0,
  "civilization_stability": 0.8025680983429699,
  "civilization_stability_std": 0.010384270744671869,
  "social_cohesion": 0.5944676387329133,
  "social_cohesion_std": 0.011249840928390225,
  "n_survived": 10,
  "n_seeds": 10
}