{
  "final_population": 860.9,
  "final_population_std": 390.04472820434324,
  "total_births": 8934.8,
  "total_births_std": 1098.7844920638443,
  "total_deaths": 8238.2,
  "total_deaths_std": 1238.0515175064404,
  "total_conflicts": 2648.7,
  "total_conflicts_std": 389.03368748734346,
  "resource_gini": 0.32317935237206374,
  "resource_gini_std": 0.0121700501867757,
  "reproductive_skew": 0.4688934192150107,
  "reproductive_skew_std": 0.011635197259663686,
  "violence_rate": 0.015194497977022436,
  "violence_rate_std": 0.0022307176531847954,
  "violence_death_frac": 0.042225580364889846,
  "violence_death_frac_std": 0.003531319803358826,
  "pair_bonded_pct": 0.36355503673793993,
  "pair_bonded_pct_std": 0.015621893806124613,
  "unmated_male_pct": 0.2814167295944459,
  "unmated_male_pct_std": 0.020556673259947634,
  "avg_lifetime_births": 3.981176380064923,
  "avg_lifetime_births_std": 0.24684341483487804,
  "child_survival": 0.6890120489988071,
  "child_survival_std": 0.01256600904150344,
  "bond_dissolution": 0.1016585551484793,
  "bond_dissolution_std": 0.004881045593246802,
  "avg_lifespan": 18.04683291824714,
  "avg_lifespan_std": 0.9560301729897636,
  "pop_growth_rate": 0.0018086250818526658,
  "pop_growth_rate_std": 0.013458585782084621,
  "avg_cooperation": 0.5079057926750992,
  "avg_cooperation_std": 0.019096479134516692,
  "avg_aggression": 0.47460882074660826,
  "avg_aggression_std": 0.014732099951033433,
  "avg_intelligence": 0.5588311994496638,
  "avg_intelligence_std": 0.023470643740622636,
  "law_strength": 0.4813205996962231,
  "law_strength_std": 0.043227417288424747,
  "civilization_stability": 0.7690590940131702,
  "civilization_stability_std": 0.015065454046899069,
  "social_cohesion": 0.5614134574570405,
  "social_cohesion_std": 0.009683050688373546,
  "n_survived": 10,
  "n_seeds": 10
}