{
  "final_population": 695.5,
  "final_population_std": 248.23547288814305,
  "total_births": 18703.9,
  "total_births_std": 1858.7182922648606,
  "total_deaths": 17924.8,
  "total_deaths_std": 1671.3690077298909,
  "total_conflicts": 3350.6,
  "total_conflicts_std": 474.7875735526363,
  "resource_gini": 0.3849753484677979,
  "resource_gini_std": 0.007304042910048351,
  "reproductive_skew": 0.38212840264184694,
  "reproductive_skew_std": 0.016438861031473868,
  "violence_rate": 0.006721839930103832,
  "violence_rate_std": 0.000940904010728702,
  "violence_death_frac": 0.023433643800891593,
  "violence_death_frac_std": 0.0031686161474600923,
  "pair_bonded_pct": 0.4169288208513726,
  "pair_bonded_pct_std": 0.012221099736033636,
  "unmated_male_pct": 0.08168760347496479,
  "unmated_male_pct_std": 0.03873163217645094,
  "avg_lifetime_births": 4.010496571262134,
  "avg_lifetime_births_std": 0.41331901466907023,
  "child_survival": 0.6683660502471955,
  "child_survival_std": 0.011278324484721906,
  "bond_dissolution": 0.11059935518665982,
  "bond_dissolution_std": 0.004305423555703096,
  "avg_lifespan": 18.91346330428697,
  "avg_lifespan_std": 1.0817335184072168,
  "pop_growth_rate": 0.010039223234465055,
  "pop_growth_rate_std": 0.006105191004338182,
  "avg_cooperation": 0.5242557418182752,
  "avg_cooperation_std": 0.023767584514116966,
  "avg_aggression": 0.4403325154612102,
  "avg_aggression_std": 0.026902412013280922,
  "avg_intelligence": 0.6457587587711549,
  "avg_intelligence_std": 0.014194910718463257,
  "law_strength": 1.0,
  "law_strength_std": 0.0,
  "civilization_stability": 0.7819742325683817,
  "civilization_stability_std": 0.00545205801976625,
  "social_cohesion": 0.5972250841126606,
  "social_cohesion_std": 0.007632965256035378,
  "n_survived": 10,
  "n_seeds": 10
}