{
  "final_population": 622.7,
  "final_population_std": 299.5727123754765,
  "total_births": 18445.5,
  "total_births_std": 1469.1508601910152,
  "total_deaths": 17576.0,
  "total_deaths_std": 1554.846551914368,
  "total_conflicts": 5394.0,
  "total_conflicts_std": 790.7356068876626,
  "resource_gini": 0.3723658265362683,
  "resource_gini_std": 0.009989701334562307,
  "reproductive_skew": 0.4529911918119514,
  "reproductive_skew_std": 0.015651781482916047,
  "violence_rate": 0.00973135739176506,
  "violence_rate_std": 0.003077576543631608,
  "violence_death_frac": 0.0386990485282444,
  "violence_death_frac_std": 0.0035518566545338017,
  "pair_bonded_pct": 0.38054147804535987,
  "pair_bonded_pct_std": 0.020019578918559166,
  "unmated_male_pct": 0.28589625482465025,
  "unmated_male_pct_std": 0.024252066444089816,
  "avg_lifetime_births": 3.8549035517991745,
  "avg_lifetime_births_std": 0.5652673349167834,
  "child_survival": 0.6594135294626448,
  "child_survival_std": 0.010914282953652871,
  "bond_dissolution": 0.10739263057916024,
  "bond_dissolution_std": 0.004434413124522737,
  "avg_lifespan": 19.15295104108352,
  "avg_lifespan_std": 1.6448890360704906,
  "pop_growth_rate": -0.004127067818032705,
  "pop_growth_rate_std": 0.01456044801783046,
  "avg_cooperation": 0.524076006019368,
  "avg_cooperation_std": 0.019703527686519305,
  "avg_aggression": 0.4521338173283814,
  "avg_aggression_std": 0.02028880972051129,
  "avg_intelligence": 0.6439801416877042,
  "avg_intelligence_std": 0.019494192860211732,
  "law_strength": 0.9280101831594724,
  "law_strength_std": 0.04316337886587874,
  "civilization_stability": 0.7604982276727783,
  "civilization_stability_std": 0.016977711066979834,
  "social_cohesion": 0.5806557229839168,
  "social_cohesion_std": 0.009972119874405543,
  "n_survived": 10,
  "n_seeds": 10
}