{
  "timestamp": "2026-03-15T19:41:50.827047",
  "scenarios": [
    "NO_INSTITUTIONS",
    "FREE_COMPETITION",
    "STRONG_STATE"
  ],
  "results": {
    "NO_INSTITUTIONS": {
      "overrides": {
        "law_strength": 0.0,
        "violence_punishment_strength": 0.0,
        "property_rights_strength": 0.0,
        "institutional_drift_rate": 0.0,
        "emergent_institutions_enabled": false,
        "institutional_inertia": 0.0
      },
      "seeds": [
        1001,
        2002,
        3003,
        4004,
        5005,
        6006,
        7007,
        8008,
        9009,
        1337
      ],
      "aggregate": {
        "final_population": 569.4,
        "final_population_std": 258.9274801947449,
        "total_births": 15056.3,
        "total_births_std": 2349.080715939748,
        "total_deaths": 14436.6,
        "total_deaths_std": 2224.2906374842296,
        "total_conflicts": 6033.9,
        "total_conflicts_std": 962.2502221355941,
        "resource_gini": 0.3158292521713626,
        "resource_gini_std": 0.01216556928037883,
        "reproductive_skew": 0.4569345644631346,
        "reproductive_skew_std": 0.024243964182892448,
        "violence_rate": 0.02145099178674067,
        "violence_rate_std": 0.005392641924880389,
        "violence_death_frac": 0.05437812397250894,
        "violence_death_frac_std": 0.005275739030175248,
        "pair_bonded_pct": 0.37295297900492014,
        "pair_bonded_pct_std": 0.015270919745514023,
        "unmated_male_pct": 0.2881333036733536,
        "unmated_male_pct_std": 0.03213686362229769,
        "avg_lifetime_births": 3.827737839993194,
        "avg_lifetime_births_std": 0.37820915625760515,
        "child_survival": 0.6676685229812811,
        "child_survival_std": 0.010477409363506449,
        "bond_dissolution": 0.10294600665172067,
        "bond_dissolution_std": 0.0031267855477480444,
        "avg_lifespan": 19.054162965365386,
        "avg_lifespan_std": 1.6139698972059162,
        "pop_growth_rate": 0.0014566193647594578,
        "pop_growth_rate_std": 0.011243450792310554,
        "avg_cooperation": 0.5234075411867866,
        "avg_cooperation_std": 0.024198143095494694,
        "avg_aggression": 0.4478748910361124,
        "avg_aggression_std": 0.028717324264530754,
        "avg_intelligence": 0.6320054295619274,
        "avg_intelligence_std": 0.019569137323017818,
        "law_strength": 0.0,
        "law_strength_std": 0.0,
        "civilization_stability": 0.7583986357033357,
        "civilization_stability_std": 0.012818078569631474,
        "social_cohesion": 0.5630828193930109,
        "social_cohesion_std": 0.012714858839460072,
        "n_survived": 10,
        "n_seeds": 10
      }
    },
    "FREE_COMPETITION": {
      "overrides": {},
      "seeds": [
        1001,
        2002,
        3003,
        4004,
        5005,
        6006,
        7007,
        8008,
        9009,
        1337
      ],
      "aggregate": {
        "final_population": 622.7,
        "final_population_std": 299.5727123754765,
        "total_births": 18445.5,
        "total_births_std": 1469.1508601910152,
        "total_deaths": 17576.0,
        "total_deaths_std": 1554.846551914368,
        "total_conflicts": 5394.0,
        "total_conflicts_std": 790.7356068876626,
        "resource_gini": 0.3723658265362683,
        "resource_gini_std": 0.009989701334562307,
        "reproductive_skew": 0.4529911918119514,
        "reproductive_skew_std": 0.015651781482916047,
        "violence_rate": 0.00973135739176506,
        "violence_rate_std": 0.003077576543631608,
        "violence_death_frac": 0.0386990485282444,
        "violence_death_frac_std": 0.0035518566545338017,
        "pair_bonded_pct": 0.38054147804535987,
        "pair_bonded_pct_std": 0.020019578918559166,
        "unmated_male_pct": 0.28589625482465025,
        "unmated_male_pct_std": 0.024252066444089816,
        "avg_lifetime_births": 3.8549035517991745,
        "avg_lifetime_births_std": 0.5652673349167834,
        "child_survival": 0.6594135294626448,
        "child_survival_std": 0.010914282953652871,
        "bond_dissolution": 0.10739263057916024,
        "bond_dissolution_std": 0.004434413124522737,
        "avg_lifespan": 19.15295104108352,
        "avg_lifespan_std": 1.6448890360704906,
        "pop_growth_rate": -0.004127067818032705,
        "pop_growth_rate_std": 0.01456044801783046,
        "avg_cooperation": 0.524076006019368,
        "avg_cooperation_std": 0.019703527686519305,
        "avg_aggression": 0.4521338173283814,
        "avg_aggression_std": 0.02028880972051129,
        "avg_intelligence": 0.6439801416877042,
        "avg_intelligence_std": 0.019494192860211732,
        "law_strength": 0.9280101831594724,
        "law_strength_std": 0.04316337886587874,
        "civilization_stability": 0.7604982276727783,
        "civilization_stability_std": 0.016977711066979834,
        "social_cohesion": 0.5806557229839168,
        "social_cohesion_std": 0.009972119874405543,
        "n_survived": 10,
        "n_seeds": 10
      }
    },
    "STRONG_STATE": {
      "overrides": {
        "law_strength": 0.8,
        "violence_punishment_strength": 0.7,
        "property_rights_strength": 0.5,
        "tax_rate": 0.15,
        "mating_system": "monogamy",
        "max_mates_per_male": 1,
        "inheritance_prestige_fraction": 0.1
      },
      "seeds": [
        1001,
        2002,
        3003,
        4004,
        5005,
        6006,
        7007,
        8008,
        9009,
        1337
      ],
      "aggregate": {
        "final_population": 536.2,
        "final_population_std": 230.6364238363056,
        "total_births": 18288.5,
        "total_births_std": 2780.1978796481376,
        "total_deaths": 17692.7,
        "total_deaths_std": 2663.131504451104,
        "total_conflicts": 3044.7,
        "total_conflicts_std": 465.81843029231896,
        "resource_gini": 0.23467093932887573,
        "resource_gini_std": 0.011549454973337873,
        "reproductive_skew": 0.38789209867844765,
        "reproductive_skew_std": 0.020240525108370173,
        "violence_rate": 0.007208238350149139,
        "violence_rate_std": 0.0008217061175136991,
        "violence_death_frac": 0.022017914314001377,
        "violence_death_frac_std": 0.0014211347018640568,
        "pair_bonded_pct": 0.4120064420052872,
        "pair_bonded_pct_std": 0.015282067469462262,
        "unmated_male_pct": 0.13827396305517917,
        "unmated_male_pct_std": 0.0807439710887808,
        "avg_lifetime_births": 3.9564806378265893,
        "avg_lifetime_births_std": 0.3994550211903228,
        "child_survival": 0.6476682148267712,
        "child_survival_std": 0.012801423312543019,
        "bond_dissolution": 0.11147142872502466,
        "bond_dissolution_std": 0.003961972886698845,
        "avg_lifespan": 19.04154989473313,
        "avg_lifespan_std": 1.7589457082127289,
        "pop_growth_rate": 0.0036074184738645473,
        "pop_growth_rate_std": 0.011999816275854417,
        "avg_cooperation": 0.5231892049218729,
        "avg_cooperation_std": 0.027890055403725342,
        "avg_aggression": 0.4783494905906929,
        "avg_aggression_std": 0.01894232265041105,
        "avg_intelligence": 0.595515117667265,
        "avg_intelligence_std": 0.023147206299363305,
        "law_strength": 1.0,
        "law_strength_std": 0.0,
        "civilization_stability": 0.8025680983429699,
        "civilization_stability_std": 0.010384270744671869,
        "social_cohesion": 0.5944676387329133,
        "social_cohesion_std": 0.011249840928390225,
        "n_survived": 10,
        "n_seeds": 10
      }
    }
  }
}