{
  "resource_gini": 0.3327391967615697,
  "resource_gini_std": 0.005245570498700628,
  "reproductive_skew": 0.4632781693280187,
  "reproductive_skew_std": 0.01774489032035815,
  "violence_rate": 0.010254022528499376,
  "violence_rate_std": 0.0017384590835244531,
  "violence_death_frac": 0.047635381220763974,
  "violence_death_frac_std": 0.0052226704806865335,
  "pair_bonded_pct": 0.3651508401720114,
  "pair_bonded_pct_std": 0.020961534649964232,
  "unmated_male_pct": 0.30288826002815694,
  "unmated_male_pct_std": 0.04810598369606387,
  "avg_lifetime_births": 4.114208122105774,
  "avg_lifetime_births_std": 0.17376813878512865,
  "child_survival": 0.6612280846860568,
  "child_survival_std": 0.005727282629232001,
  "bond_dissolution": 0.10602914854410624,
  "bond_dissolution_std": 0.004530268823330773,
  "avg_lifespan": 17.984284068467662,
  "avg_lifespan_std": 1.3536632909292663,
  "pop_growth_rate": 0.0034454032579711905,
  "pop_growth_rate_std": 0.013523376528181605,
  "avg_cooperation": 0.5110727893927696,
  "avg_cooperation_std": 0.01404160364017403,
  "avg_aggression": 0.47563716567585185,
  "avg_aggression_std": 0.01841584763346666,
  "avg_intelligence": 0.5564591809462354,
  "avg_intelligence_std": 0.009618048630950827,
  "law_strength": 0.8288192318992543,
  "law_strength_std": 0.03962521607730107,
  "civilization_stability": 0.780154103889017,
  "civilization_stability_std": 0.006828443185439566,
  "social_cohesion": 0.5694143816566877,
  "social_cohesion_std": 0.011900352154402606,
  "n_survived": 5,
  "n_seeds": 5
}