{
  "resource_gini": 0.2889097171206922,
  "resource_gini_std": 0.008436581421612908,
  "reproductive_skew": 0.4461480772640279,
  "reproductive_skew_std": 0.040371644490189755,
  "violence_rate": 0.01993916375601737,
  "violence_rate_std": 0.006029913721392052,
  "violence_death_frac": 0.06743710010704011,
  "violence_death_frac_std": 0.009483275012682542,
  "pair_bonded_pct": 0.40284520046400696,
  "pair_bonded_pct_std": 0.031474267686074385,
  "unmated_male_pct": 0.299369301649298,
  "unmated_male_pct_std": 0.037983412862354196,
  "avg_lifetime_births": 3.1514058595225594,
  "avg_lifetime_births_std": 0.25605455689921564,
  "child_survival": 0.5896124715762426,
  "child_survival_std": 0.025836150852550362,
  "bond_dissolution": 0.10688807692520208,
  "bond_dissolution_std": 0.007196329198541987,
  "avg_lifespan": 17.91362165433133,
  "avg_lifespan_std": 2.123014946409538,
  "pop_growth_rate": -0.009000484796715084,
  "pop_growth_rate_std": 0.016738110970880925,
  "avg_cooperation": 0.5364779415601987,
  "avg_cooperation_std": 0.021348238828688134,
  "avg_aggression": 0.48655538038853663,
  "avg_aggression_std": 0.02009755860101649,
  "avg_intelligence": 0.5709909646173876,
  "avg_intelligence_std": 0.01611511778445561,
  "law_strength": 0.48319861817006693,
  "law_strength_std": 0.020129682562254267,
  "civilization_stability": 0.7246441281634912,
  "civilization_stability_std": 0.027807458487912433,
  "social_cohesion": 0.5806630420914602,
  "social_cohesion_std": 0.016256912863855996,
  "n_survived": 5,
  "n_seeds": 5
}