{
  "resource_gini": 0.3046057274378665,
  "resource_gini_std": 0.013203533196914356,
  "reproductive_skew": 0.4579096474261971,
  "reproductive_skew_std": 0.0036432224220506984,
  "violence_rate": 0.013034397061598368,
  "violence_rate_std": 0.002159462919890318,
  "violence_death_frac": 0.040495589969975994,
  "violence_death_frac_std": 0.005729885648103047,
  "pair_bonded_pct": 0.3716873313856044,
  "pair_bonded_pct_std": 0.015006060709916676,
  "unmated_male_pct": 0.2679408672739492,
  "unmated_male_pct_std": 0.037277107098517906,
  "avg_lifetime_births": 4.040923685114702,
  "avg_lifetime_births_std": 0.34393354076417865,
  "child_survival": 0.6513228910630643,
  "child_survival_std": 0.018336184280428443,
  "bond_dissolution": 0.09648472438052126,
  "bond_dissolution_std": 0.0044929413677033,
  "avg_lifespan": 18.220125586833568,
  "avg_lifespan_std": 0.990793104319993,
  "pop_growth_rate": 0.007995813293893799,
  "pop_growth_rate_std": 0.010694069630118229,
  "avg_cooperation": 0.5132691893244092,
  "avg_cooperation_std": 0.013422976960590298,
  "avg_aggression": 0.4660786522400612,
  "avg_aggression_std": 0.011221755143445776,
  "avg_intelligence": 0.5518817024725965,
  "avg_intelligence_std": 0.02149196333894719,
  "law_strength": 0.4931128429669105,
  "law_strength_std": 0.022262543976084945,
  "civilization_stability": 0.7783945769824177,
  "civilization_stability_std": 0.01272693312733656,
  "social_cohesion": 0.5691052453877272,
  "social_cohesion_std": 0.002581602691527337,
  "n_survived": 5,
  "n_seeds": 5
}