{
  "final_population": 605.6,
  "final_population_std": 166.70944784264628,
  "total_births": 18570.7,
  "total_births_std": 1686.2907252309726,
  "total_deaths": 17747.6,
  "total_deaths_std": 1517.8106074210973,
  "total_conflicts": 3930.3,
  "total_conflicts_std": 598.637127147991,
  "resource_gini": 0.3784594514257044,
  "resource_gini_std": 0.011664231758672946,
  "reproductive_skew": 0.45190664321196206,
  "reproductive_skew_std": 0.01321758384994821,
  "violence_rate": 0.006684510588470874,
  "violence_rate_std": 0.0010965594976159428,
  "violence_death_frac": 0.028433987594080883,
  "violence_death_frac_std": 0.0039556684720823965,
  "pair_bonded_pct": 0.37216428521363365,
  "pair_bonded_pct_std": 0.01816414875619577,
  "unmated_male_pct": 0.28425952089066925,
  "unmated_male_pct_std": 0.028265260379775906,
  "avg_lifetime_births": 4.0439217273875245,
  "avg_lifetime_births_std": 0.201316546775262,
  "child_survival": 0.6621623486386865,
  "child_survival_std": 0.008659333006636344,
  "bond_dissolution": 0.10787199787367621,
  "bond_dissolution_std": 0.0030670853013842338,
  "avg_lifespan": 18.692921828300047,
  "avg_lifespan_std": 0.8776139629247485,
  "pop_growth_rate": 0.00474422215640653,
  "pop_growth_rate_std": 0.01269553519379394,
  "avg_cooperation": 0.5267228005039222,
  "avg_cooperation_std": 0.0171284096326745,
  "avg_aggression": 0.4507392166580876,
  "avg_aggression_std": 0.020037446850599227,
  "avg_intelligence": 0.6396259731834559,
  "avg_intelligence_std": 0.021873908139073778,
  "law_strength": 1.0,
  "law_strength_std": 0.0,
  "civilization_stability": 0.7705911663085497,
  "civilization_stability_std": 0.009953263386624226,
  "social_cohesion": 0.5825909817907521,
  "social_cohesion_std": 0.010191602311510875,
  "n_survived": 10,
  "n_seeds": 10
}