{
  "final_population": 527.2,
  "final_population_std": 338.42186690578967,
  "total_births": 6475.8,
  "total_births_std": 1117.7578270806248,
  "total_deaths": 6203.0,
  "total_deaths_std": 848.9270875640616,
  "total_conflicts": 2892.4,
  "total_conflicts_std": 834.0845520689135,
  "resource_gini": 0.31187515328347315,
  "resource_gini_std": 0.009434740253543133,
  "reproductive_skew": 0.46446414311917533,
  "reproductive_skew_std": 0.021669084100438805,
  "violence_rate": 0.022199642987879586,
  "violence_rate_std": 0.004009270682810851,
  "violence_death_frac": 0.06100180993222868,
  "violence_death_frac_std": 0.012050255277084882,
  "pair_bonded_pct": 0.3694693413079212,
  "pair_bonded_pct_std": 0.017620197318617314,
  "unmated_male_pct": 0.28562996747564334,
  "unmated_male_pct_std": 0.03798374092458004,
  "avg_lifetime_births": 3.7472943745705805,
  "avg_lifetime_births_std": 0.3565775786265599,
  "child_survival": 0.6648032938951044,
  "child_survival_std": 0.028975392893004246,
  "bond_dissolution": 0.10436099232919308,
  "bond_dissolution_std": 0.0049681075075394664,
  "avg_lifespan": 18.389449102782542,
  "avg_lifespan_std": 0.9629148567083637,
  "pop_growth_rate": 0.006522102549437188,
  "pop_growth_rate_std": 0.013801643115307476,
  "avg_cooperation": 0.5262713271450914,
  "avg_cooperation_std": 0.01218977041380121,
  "avg_aggression": 0.4789810028628113,
  "avg_aggression_std": 0.021482587325513697,
  "avg_intelligence": 0.5525632878240575,
  "avg_intelligence_std": 0.014243981823047347,
  "law_strength": 0.0,
  "law_strength_std": 0.0,
  "civilization_stability": 0.7605267311594381,
  "civilization_stability_std": 0.014053476066258458,
  "social_cohesion": 0.5620732465809595,
  "social_cohesion_std": 0.007530013156213601,
  "n_survived": 10,
  "n_seeds": 10
}