{
  "final_population": 670.7,
  "final_population_std": 166.55692720508506,
  "total_births": 6911.1,
  "total_births_std": 946.3390988435383,
  "total_deaths": 6560.5,
  "total_deaths_std": 877.1816516548896,
  "total_conflicts": 1238.8,
  "total_conflicts_std": 157.97961893864664,
  "resource_gini": 0.20047552884038405,
  "resource_gini_std": 0.009270713794426767,
  "reproductive_skew": 0.3802236587256186,
  "reproductive_skew_std": 0.014922653031302566,
  "violence_rate": 0.00786154273948694,
  "violence_rate_std": 0.0019003084172394375,
  "violence_death_frac": 0.0235794639580921,
  "violence_death_frac_std": 0.002645215403309617,
  "pair_bonded_pct": 0.4166168729688139,
  "pair_bonded_pct_std": 0.019857753878265806,
  "unmated_male_pct": 0.0949853458869834,
  "unmated_male_pct_std": 0.05293076159696988,
  "avg_lifetime_births": 3.9438624880497555,
  "avg_lifetime_births_std": 0.3107553059358928,
  "child_survival": 0.6694577986394041,
  "child_survival_std": 0.018334261233654496,
  "bond_dissolution": 0.10745487631685302,
  "bond_dissolution_std": 0.006277325433835262,
  "avg_lifespan": 18.80966365127377,
  "avg_lifespan_std": 1.3910668874923724,
  "pop_growth_rate": 0.006389590264105826,
  "pop_growth_rate_std": 0.010696099814370095,
  "avg_cooperation": 0.509810153802354,
  "avg_cooperation_std": 0.02128488125881933,
  "avg_aggression": 0.48063990274999335,
  "avg_aggression_std": 0.012335766396593333,
  "avg_intelligence": 0.5445015451889905,
  "avg_intelligence_std": 0.01839390215815341,
  "law_strength": 0.9847663807457568,
  "law_strength_std": 0.013167339033407015,
  "civilization_stability": 0.8118007110962564,
  "civilization_stability_std": 0.010680335782856126,
  "social_cohesion": 0.5899130386356678,
  "social_cohesion_std": 0.011173382034349276,
  "n_survived": 10,
  "n_seeds": 10
}