{
  "resource_gini": 0.33255235551703566,
  "resource_gini_std": 0.002472155750244719,
  "reproductive_skew": 0.4794288958117631,
  "reproductive_skew_std": 0.020026825473763974,
  "violence_rate": 0.0175500193077743,
  "violence_rate_std": 0.004310030457034124,
  "violence_death_frac": 0.05099716037311499,
  "violence_death_frac_std": 0.006599812940291942,
  "pair_bonded_pct": 0.3646800139784848,
  "pair_bonded_pct_std": 0.01966408347528543,
  "unmated_male_pct": 0.30678350878958693,
  "unmated_male_pct_std": 0.04492668190568238,
  "avg_lifetime_births": 3.9849900898686004,
  "avg_lifetime_births_std": 0.25490223990942246,
  "child_survival": 0.6670401690570928,
  "child_survival_std": 0.014193994796569652,
  "bond_dissolution": 0.09857328313824483,
  "bond_dissolution_std": 0.007780937681632257,
  "avg_lifespan": 17.760909910170778,
  "avg_lifespan_std": 1.526287084133201,
  "pop_growth_rate": 0.007228755436799903,
  "pop_growth_rate_std": 0.012813747842454875,
  "avg_cooperation": 0.525635364449548,
  "avg_cooperation_std": 0.011307825459921995,
  "avg_aggression": 0.46022098570629116,
  "avg_aggression_std": 0.01679387845366606,
  "avg_intelligence": 0.5593811995523298,
  "avg_intelligence_std": 0.02383180698408152,
  "law_strength": 0.48546358991515987,
  "law_strength_std": 0.018803365453185766,
  "civilization_stability": 0.7686739636822686,
  "civilization_stability_std": 0.015483130458856256,
  "social_cohesion": 0.565954626537571,
  "social_cohesion_std": 0.001972894581442064,
  "n_survived": 5,
  "n_seeds": 5
}