{
  "final_population": 601.3,
  "final_population_std": 240.7189439990131,
  "total_births": 17577.9,
  "total_births_std": 2659.377425263289,
  "total_deaths": 16825.4,
  "total_deaths_std": 2353.945165036773,
  "total_conflicts": 4695.5,
  "total_conflicts_std": 843.940074886837,
  "resource_gini": 0.3822263862252388,
  "resource_gini_std": 0.01080918418642803,
  "reproductive_skew": 0.4578301812554508,
  "reproductive_skew_std": 0.021795282411543934,
  "violence_rate": 0.009281499742689303,
  "violence_rate_std": 0.002740053756891548,
  "violence_death_frac": 0.03664484682987619,
  "violence_death_frac_std": 0.005782823778962398,
  "pair_bonded_pct": 0.37572471015750736,
  "pair_bonded_pct_std": 0.013252258248474159,
  "unmated_male_pct": 0.2980462176232187,
  "unmated_male_pct_std": 0.03886475733415169,
  "avg_lifetime_births": 3.971083184706834,
  "avg_lifetime_births_std": 0.5101384070507828,
  "child_survival": 0.6718576756246948,
  "child_survival_std": 0.014080890949871475,
  "bond_dissolution": 0.10469840487722673,
  "bond_dissolution_std": 0.002535124314386686,
  "avg_lifespan": 18.794843475544123,
  "avg_lifespan_std": 0.9661878485510479,
  "pop_growth_rate": -0.004965972413319787,
  "pop_growth_rate_std": 0.013486919393697627,
  "avg_cooperation": 0.5319995353953572,
  "avg_cooperation_std": 0.04010443232665769,
  "avg_aggression": 0.44874879470835644,
  "avg_aggression_std": 0.02710399190223242,
  "avg_intelligence": 0.644754919651125,
  "avg_intelligence_std": 0.023176706884836806,
  "law_strength": 0.9361174306237263,
  "law_strength_std": 0.06298338021610686,
  "civilization_stability": 0.7634131970033309,
  "civilization_stability_std": 0.018232702074257905,
  "social_cohesion": 0.5827015880349088,
  "social_cohesion_std": 0.02026373079487955,
  "n_survived": 10,
  "n_seeds": 10
}