{
  "timestamp": "2026-03-15T19:36:18.153227",
  "scenarios": [
    "FREE_COMPETITION",
    "STRONG_STATE",
    "EMERGENT_INSTITUTIONS"
  ],
  "results": {
    "FREE_COMPETITION": {
      "overrides": {},
      "seeds": [
        1001,
        2002,
        3003,
        4004,
        5005,
        6006,
        7007,
        8008,
        9009,
        1337
      ],
      "aggregate": {
        "final_population": 582.2,
        "final_population_std": 245.54380464593277,
        "total_births": 16996.8,
        "total_births_std": 3068.8689708099305,
        "total_deaths": 16233.4,
        "total_deaths_std": 2795.413357627097,
        "total_conflicts": 4582.1,
        "total_conflicts_std": 831.1051016568242,
        "resource_gini": 0.37620885400156556,
        "resource_gini_std": 0.007338185881722794,
        "reproductive_skew": 0.46077371537599393,
        "reproductive_skew_std": 0.01932443072528004,
        "violence_rate": 0.007680640128734916,
        "violence_rate_std": 0.001780358761241769,
        "violence_death_frac": 0.03682626507545701,
        "violence_death_frac_std": 0.0057683671880787175,
        "pair_bonded_pct": 0.37122315785462817,
        "pair_bonded_pct_std": 0.02168226301441406,
        "unmated_male_pct": 0.2850659433107038,
        "unmated_male_pct_std": 0.04303376994430761,
        "avg_lifetime_births": 4.117066043807037,
        "avg_lifetime_births_std": 0.26809460680362435,
        "child_survival": 0.6616425722463013,
        "child_survival_std": 0.017899798695280217,
        "bond_dissolution": 0.10589421980849431,
        "bond_dissolution_std": 0.002926105099325519,
        "avg_lifespan": 18.381417459315664,
        "avg_lifespan_std": 1.7433513757158658,
        "pop_growth_rate": 0.0023575024498391182,
        "pop_growth_rate_std": 0.012710851852509076,
        "avg_cooperation": 0.5454444071002118,
        "avg_cooperation_std": 0.04009263074158246,
        "avg_aggression": 0.4472122318835875,
        "avg_aggression_std": 0.012555339174164352,
        "avg_intelligence": 0.6393381233811113,
        "avg_intelligence_std": 0.02475877966772902,
        "law_strength": 0.948804964981748,
        "law_strength_std": 0.0561187119666318,
        "civilization_stability": 0.7661636500542927,
        "civilization_stability_std": 0.01249593469781288,
        "social_cohesion": 0.5885050679282859,
        "social_cohesion_std": 0.022239412255236745,
        "n_survived": 10,
        "n_seeds": 10
      }
    },
    "STRONG_STATE": {
      "overrides": {
        "law_strength": 0.8,
        "violence_punishment_strength": 0.7,
        "property_rights_strength": 0.5,
        "tax_rate": 0.15,
        "mating_system": "monogamy",
        "max_mates_per_male": 1,
        "inheritance_prestige_fraction": 0.1
      },
      "seeds": [
        1001,
        2002,
        3003,
        4004,
        5005,
        6006,
        7007,
        8008,
        9009,
        1337
      ],
      "aggregate": {
        "final_population": 689.9,
        "final_population_std": 240.54415395099502,
        "total_births": 19289.2,
        "total_births_std": 2102.7748714496283,
        "total_deaths": 18490.6,
        "total_deaths_std": 2019.632550737881,
        "total_conflicts": 3193.4,
        "total_conflicts_std": 603.026234918515,
        "resource_gini": 0.23080303290231682,
        "resource_gini_std": 0.012480348907400745,
        "reproductive_skew": 0.3791968459404181,
        "reproductive_skew_std": 0.016522101212857732,
        "violence_rate": 0.007473169405372619,
        "violence_rate_std": 0.0021388245104149734,
        "violence_death_frac": 0.02085157652790996,
        "violence_death_frac_std": 0.0031649378396792407,
        "pair_bonded_pct": 0.41819465929555283,
        "pair_bonded_pct_std": 0.01638883587369512,
        "unmated_male_pct": 0.1189408610242227,
        "unmated_male_pct_std": 0.0880122504798167,
        "avg_lifetime_births": 3.8164286723548564,
        "avg_lifetime_births_std": 0.3688341230340894,
        "child_survival": 0.6547905483576855,
        "child_survival_std": 0.016367246907227295,
        "bond_dissolution": 0.11121308998131452,
        "bond_dissolution_std": 0.003228999866752479,
        "avg_lifespan": 19.1861170399386,
        "avg_lifespan_std": 2.473514420625214,
        "pop_growth_rate": 0.004256659083178687,
        "pop_growth_rate_std": 0.016612592655321026,
        "avg_cooperation": 0.5122753697105082,
        "avg_cooperation_std": 0.023618427342700053,
        "avg_aggression": 0.4766229385770987,
        "avg_aggression_std": 0.027826655291380446,
        "avg_intelligence": 0.6074069394587067,
        "avg_intelligence_std": 0.020303982351742186,
        "law_strength": 1.0,
        "law_strength_std": 0.0,
        "civilization_stability": 0.8016009030050417,
        "civilization_stability_std": 0.01918987780738992,
        "social_cohesion": 0.591936816880931,
        "social_cohesion_std": 0.0106648849548692,
        "n_survived": 10,
        "n_seeds": 10
      }
    },
    "EMERGENT_INSTITUTIONS": {
      "overrides": {
        "law_strength": 0.0,
        "violence_punishment_strength": 0.0,
        "property_rights_strength": 0.0,
        "institutional_drift_rate": 0.02,
        "institutional_inertia": 0.7,
        "emergent_institutions_enabled": true
      },
      "seeds": [
        1001,
        2002,
        3003,
        4004,
        5005,
        6006,
        7007,
        8008,
        9009,
        1337
      ],
      "aggregate": {
        "final_population": 605.6,
        "final_population_std": 166.70944784264628,
        "total_births": 18570.7,
        "total_births_std": 1686.2907252309726,
        "total_deaths": 17747.6,
        "total_deaths_std": 1517.8106074210973,
        "total_conflicts": 3930.3,
        "total_conflicts_std": 598.637127147991,
        "resource_gini": 0.3784594514257044,
        "resource_gini_std": 0.011664231758672946,
        "reproductive_skew": 0.45190664321196206,
        "reproductive_skew_std": 0.01321758384994821,
        "violence_rate": 0.006684510588470874,
        "violence_rate_std": 0.0010965594976159428,
        "violence_death_frac": 0.028433987594080883,
        "violence_death_frac_std": 0.0039556684720823965,
        "pair_bonded_pct": 0.37216428521363365,
        "pair_bonded_pct_std": 0.01816414875619577,
        "unmated_male_pct": 0.28425952089066925,
        "unmated_male_pct_std": 0.028265260379775906,
        "avg_lifetime_births": 4.0439217273875245,
        "avg_lifetime_births_std": 0.201316546775262,
        "child_survival": 0.6621623486386865,
        "child_survival_std": 0.008659333006636344,
        "bond_dissolution": 0.10787199787367621,
        "bond_dissolution_std": 0.0030670853013842338,
        "avg_lifespan": 18.692921828300047,
        "avg_lifespan_std": 0.8776139629247485,
        "pop_growth_rate": 0.00474422215640653,
        "pop_growth_rate_std": 0.01269553519379394,
        "avg_cooperation": 0.5267228005039222,
        "avg_cooperation_std": 0.0171284096326745,
        "avg_aggression": 0.4507392166580876,
        "avg_aggression_std": 0.020037446850599227,
        "avg_intelligence": 0.6396259731834559,
        "avg_intelligence_std": 0.021873908139073778,
        "law_strength": 1.0,
        "law_strength_std": 0.0,
        "civilization_stability": 0.7705911663085497,
        "civilization_stability_std": 0.009953263386624226,
        "social_cohesion": 0.5825909817907521,
        "social_cohesion_std": 0.010191602311510875,
        "n_survived": 10,
        "n_seeds": 10
      }
    }
  }
}