{
  "timestamp": "2026-03-16T07:54:53.527502",
  "scenarios": [
    "FREE_COMPETITION",
    "STRONG_STATE",
    "EMERGENT_INSTITUTIONS"
  ],
  "results": {
    "FREE_COMPETITION": {
      "overrides": {},
      "seeds": [
        1001,
        2002,
        3003,
        4004,
        5005,
        6006,
        7007,
        8008,
        9009,
        1337
      ],
      "aggregate": {
        "final_population": 588.2,
        "final_population_std": 210.89940730120605,
        "total_births": 18004.5,
        "total_births_std": 2101.1715898517186,
        "total_deaths": 17211.5,
        "total_deaths_std": 2071.191746314184,
        "total_conflicts": 5187.3,
        "total_conflicts_std": 1026.548006670901,
        "resource_gini": 0.37421826370946587,
        "resource_gini_std": 0.012679396061829901,
        "reproductive_skew": 0.4547505954178388,
        "reproductive_skew_std": 0.01488582942164138,
        "violence_rate": 0.010295220133330112,
        "violence_rate_std": 0.003668064168486169,
        "violence_death_frac": 0.03830051848441546,
        "violence_death_frac_std": 0.004764035737079837,
        "pair_bonded_pct": 0.3876251273451588,
        "pair_bonded_pct_std": 0.02703680542613026,
        "unmated_male_pct": 0.2624928791090766,
        "unmated_male_pct_std": 0.023253425576318376,
        "avg_lifetime_births": 3.98983274266634,
        "avg_lifetime_births_std": 0.4277312980594394,
        "child_survival": 0.6613691267299936,
        "child_survival_std": 0.011242521163744485,
        "bond_dissolution": 0.105436850592985,
        "bond_dissolution_std": 0.005449790979928093,
        "avg_lifespan": 18.197477315919503,
        "avg_lifespan_std": 1.8718851771532257,
        "pop_growth_rate": -0.005190359016269133,
        "pop_growth_rate_std": 0.016231719463349413,
        "avg_cooperation": 0.5244488875260052,
        "avg_cooperation_std": 0.020882050245540074,
        "avg_aggression": 0.4531969908078704,
        "avg_aggression_std": 0.015407841952266244,
        "avg_intelligence": 0.6312811225079302,
        "avg_intelligence_std": 0.017759610555454105,
        "law_strength": 0.926705547844897,
        "law_strength_std": 0.03618875533937889,
        "civilization_stability": 0.7580531179098516,
        "civilization_stability_std": 0.01697058430120862,
        "social_cohesion": 0.5825793244145449,
        "social_cohesion_std": 0.01147805021127998,
        "n_survived": 10,
        "n_seeds": 10
      }
    },
    "STRONG_STATE": {
      "overrides": {
        "law_strength": 0.8,
        "violence_punishment_strength": 0.7,
        "property_rights_strength": 0.5,
        "tax_rate": 0.15,
        "mating_system": "monogamy",
        "max_mates_per_male": 1,
        "inheritance_prestige_fraction": 0.1
      },
      "seeds": [
        1001,
        2002,
        3003,
        4004,
        5005,
        6006,
        7007,
        8008,
        9009,
        1337
      ],
      "aggregate": {
        "final_population": 668.5,
        "final_population_std": 277.2166120563485,
        "total_births": 18676.5,
        "total_births_std": 1101.6152912882064,
        "total_deaths": 17917.9,
        "total_deaths_std": 1088.9757067997432,
        "total_conflicts": 3055.9,
        "total_conflicts_std": 324.8613396512426,
        "resource_gini": 0.22659477915625362,
        "resource_gini_std": 0.01371082552114223,
        "reproductive_skew": 0.3933535752449811,
        "reproductive_skew_std": 0.018902566527351526,
        "violence_rate": 0.008925589562492448,
        "violence_rate_std": 0.002818506137484206,
        "violence_death_frac": 0.021282982127732546,
        "violence_death_frac_std": 0.0023590675566615535,
        "pair_bonded_pct": 0.43073292790704254,
        "pair_bonded_pct_std": 0.02016247531579402,
        "unmated_male_pct": 0.11907304810275599,
        "unmated_male_pct_std": 0.09120992568785506,
        "avg_lifetime_births": 3.645708021550258,
        "avg_lifetime_births_std": 0.4954386331565049,
        "child_survival": 0.6447526782567526,
        "child_survival_std": 0.009825012895351695,
        "bond_dissolution": 0.10992414983820212,
        "bond_dissolution_std": 0.0048202608837451194,
        "avg_lifespan": 19.438835774536578,
        "avg_lifespan_std": 2.463556805338457,
        "pop_growth_rate": -0.005272030796278491,
        "pop_growth_rate_std": 0.01731223732328108,
        "avg_cooperation": 0.5087935963808945,
        "avg_cooperation_std": 0.013074870565187694,
        "avg_aggression": 0.46530862422332386,
        "avg_aggression_std": 0.02364023911581143,
        "avg_intelligence": 0.6091868529128237,
        "avg_intelligence_std": 0.021542146576320108,
        "law_strength": 1.0,
        "law_strength_std": 0.0,
        "civilization_stability": 0.7866081887293024,
        "civilization_stability_std": 0.024359445428265573,
        "social_cohesion": 0.5931169763667071,
        "social_cohesion_std": 0.005477722533717453,
        "n_survived": 10,
        "n_seeds": 10
      }
    },
    "EMERGENT_INSTITUTIONS": {
      "overrides": {
        "law_strength": 0.0,
        "violence_punishment_strength": 0.0,
        "property_rights_strength": 0.0,
        "institutional_drift_rate": 0.02,
        "institutional_inertia": 0.7,
        "emergent_institutions_enabled": true
      },
      "seeds": [
        1001,
        2002,
        3003,
        4004,
        5005,
        6006,
        7007,
        8008,
        9009,
        1337
      ],
      "aggregate": {
        "final_population": 685.1,
        "final_population_std": 123.5042104545428,
        "total_births": 19043.0,
        "total_births_std": 1260.955986543543,
        "total_deaths": 18098.6,
        "total_deaths_std": 1209.7555290222897,
        "total_conflicts": 3898.0,
        "total_conflicts_std": 500.8524732892911,
        "resource_gini": 0.3837862464106769,
        "resource_gini_std": 0.010035117864958996,
        "reproductive_skew": 0.45340608157015777,
        "reproductive_skew_std": 0.019739217233998015,
        "violence_rate": 0.006533841638706116,
        "violence_rate_std": 0.0015023382571996285,
        "violence_death_frac": 0.027740584973724565,
        "violence_death_frac_std": 0.0020660003333781833,
        "pair_bonded_pct": 0.3715632925813962,
        "pair_bonded_pct_std": 0.014237753092776013,
        "unmated_male_pct": 0.26293016739626796,
        "unmated_male_pct_std": 0.02448063014883384,
        "avg_lifetime_births": 4.275585055082075,
        "avg_lifetime_births_std": 0.22352692171620522,
        "child_survival": 0.6640754820675386,
        "child_survival_std": 0.01193012645339285,
        "bond_dissolution": 0.1105219285468684,
        "bond_dissolution_std": 0.0031338101395476294,
        "avg_lifespan": 17.282809346277162,
        "avg_lifespan_std": 1.280648746321545,
        "pop_growth_rate": 0.005630791895675588,
        "pop_growth_rate_std": 0.009456443148098018,
        "avg_cooperation": 0.5234745634862522,
        "avg_cooperation_std": 0.015391267082326675,
        "avg_aggression": 0.4394445355926996,
        "avg_aggression_std": 0.018819435497558358,
        "avg_intelligence": 0.6400407389576592,
        "avg_intelligence_std": 0.01909856447741528,
        "law_strength": 1.0,
        "law_strength_std": 0.0,
        "civilization_stability": 0.7768117258432878,
        "civilization_stability_std": 0.00967689491524751,
        "social_cohesion": 0.581269675749607,
        "social_cohesion_std": 0.004413724444496512,
        "n_survived": 10,
        "n_seeds": 10
      }
    }
  }
}