{
  "final_population": 775.9,
  "final_population_std": 198.4204878534472,
  "total_births": 6716.0,
  "total_births_std": 1005.1529236887291,
  "total_deaths": 6199.9,
  "total_deaths_std": 923.1793379403592,
  "total_conflicts": 2031.5,
  "total_conflicts_std": 307.8847998846322,
  "resource_gini": 0.3319779055140942,
  "resource_gini_std": 0.006057408623167714,
  "reproductive_skew": 0.46513437620523995,
  "reproductive_skew_std": 0.01995230130426551,
  "violence_rate": 0.00948744061986766,
  "violence_rate_std": 0.0021202076134023353,
  "violence_death_frac": 0.04154084290939458,
  "violence_death_frac_std": 0.0036810715827501933,
  "pair_bonded_pct": 0.3570698312028149,
  "pair_bonded_pct_std": 0.016718704467313588,
  "unmated_male_pct": 0.280641540156333,
  "unmated_male_pct_std": 0.03495026522986305,
  "avg_lifetime_births": 4.145599470980956,
  "avg_lifetime_births_std": 0.24534900334127638,
  "child_survival": 0.6756969559622441,
  "child_survival_std": 0.011792270782544348,
  "bond_dissolution": 0.10364381428567859,
  "bond_dissolution_std": 0.005822256992679112,
  "avg_lifespan": 17.813844314727966,
  "avg_lifespan_std": 1.7847673614075201,
  "pop_growth_rate": 0.01631558040929708,
  "pop_growth_rate_std": 0.010786071200418797,
  "avg_cooperation": 0.5153087987760467,
  "avg_cooperation_std": 0.021276751471818078,
  "avg_aggression": 0.469348733787838,
  "avg_aggression_std": 0.014606220863828063,
  "avg_intelligence": 0.5625912061423007,
  "avg_intelligence_std": 0.013249636610689697,
  "law_strength": 0.8454096770463833,
  "law_strength_std": 0.05677027490003176,
  "civilization_stability": 0.7826761642271488,
  "civilization_stability_std": 0.009913398529444914,
  "social_cohesion": 0.5692386596565693,
  "social_cohesion_std": 0.010936354391488557,
  "n_survived": 10,
  "n_seeds": 10
}