{
  "final_population": 607.2,
  "final_population_std": 284.14601880019364,
  "total_births": 6346.1,
  "total_births_std": 1749.9816827612794,
  "total_deaths": 5989.0,
  "total_deaths_std": 1442.907897268568,
  "total_conflicts": 2551.9,
  "total_conflicts_std": 803.5724547295035,
  "resource_gini": 0.3279874793467347,
  "resource_gini_std": 0.010187742304195786,
  "reproductive_skew": 0.4584941879550647,
  "reproductive_skew_std": 0.020680416911682695,
  "violence_rate": 0.018013728144181985,
  "violence_rate_std": 0.00422679303655244,
  "violence_death_frac": 0.05532817533683774,
  "violence_death_frac_std": 0.007113605425444783,
  "pair_bonded_pct": 0.3719747247637094,
  "pair_bonded_pct_std": 0.020761363232024575,
  "unmated_male_pct": 0.2845433975945764,
  "unmated_male_pct_std": 0.04322264175292816,
  "avg_lifetime_births": 3.764444778884046,
  "avg_lifetime_births_std": 0.36949352135528635,
  "child_survival": 0.6482974497257871,
  "child_survival_std": 0.019167155656893555,
  "bond_dissolution": 0.10812021085105403,
  "bond_dissolution_std": 0.007938227902463131,
  "avg_lifespan": 18.607679017121658,
  "avg_lifespan_std": 1.1864956066819243,
  "pop_growth_rate": 0.0033811896914463235,
  "pop_growth_rate_std": 0.008216537905326907,
  "avg_cooperation": 0.5185615482249196,
  "avg_cooperation_std": 0.015259829679738567,
  "avg_aggression": 0.4787680022131638,
  "avg_aggression_std": 0.021375826630054637,
  "avg_intelligence": 0.5609479444004462,
  "avg_intelligence_std": 0.011355508021185155,
  "law_strength": 0.4812716421744797,
  "law_strength_std": 0.02878185366083981,
  "civilization_stability": 0.7655119793425447,
  "civilization_stability_std": 0.014600062055408126,
  "social_cohesion": 0.5650986127770388,
  "social_cohesion_std": 0.00877509034972592,
  "n_survived": 10,
  "n_seeds": 10
}