{
  "final_population": 545.6,
  "final_population_std": 244.65780183758702,
  "total_births": 6780.9,
  "total_births_std": 1239.9083393541637,
  "total_deaths": 6471.7,
  "total_deaths_std": 1173.4478301143174,
  "total_conflicts": 2552.0,
  "total_conflicts_std": 675.0988075830086,
  "resource_gini": 0.32616842625924475,
  "resource_gini_std": 0.010920485211103975,
  "reproductive_skew": 0.47954702855582704,
  "reproductive_skew_std": 0.013767650681959847,
  "violence_rate": 0.017427943060195312,
  "violence_rate_std": 0.0060173007745641365,
  "violence_death_frac": 0.04886248167331303,
  "violence_death_frac_std": 0.008591642758340925,
  "pair_bonded_pct": 0.36949895235282976,
  "pair_bonded_pct_std": 0.021989542685183334,
  "unmated_male_pct": 0.28421132233960505,
  "unmated_male_pct_std": 0.03168395423334395,
  "avg_lifetime_births": 3.8040669116000303,
  "avg_lifetime_births_std": 0.3972323146196127,
  "child_survival": 0.66926716537333,
  "child_survival_std": 0.02417681000147666,
  "bond_dissolution": 0.10218481228020208,
  "bond_dissolution_std": 0.004381594430460842,
  "avg_lifespan": 18.661138920708154,
  "avg_lifespan_std": 1.449442416272039,
  "pop_growth_rate": 0.00351354618583504,
  "pop_growth_rate_std": 0.0174920771154458,
  "avg_cooperation": 0.5170954918998278,
  "avg_cooperation_std": 0.02046648020898477,
  "avg_aggression": 0.4612464483134211,
  "avg_aggression_std": 0.01452507245048423,
  "avg_intelligence": 0.5618310183674371,
  "avg_intelligence_std": 0.010118280508937812,
  "law_strength": 0.4922699576863736,
  "law_strength_std": 0.04332739344550896,
  "civilization_stability": 0.7630851626507547,
  "civilization_stability_std": 0.020785958745234825,
  "social_cohesion": 0.5643779012581774,
  "social_cohesion_std": 0.009103033495876241,
  "n_survived": 10,
  "n_seeds": 10
}