{
  "final_population": 26.7,
  "final_population_std": 3.0675723300355937,
  "total_births": 1120.0,
  "total_births_std": 238.08737891790904,
  "total_deaths": 1664.4,
  "total_deaths_std": 218.30858892860815,
  "total_conflicts": 511.4,
  "total_conflicts_std": 86.3958332328591,
  "resource_gini": 0.3342456352612442,
  "resource_gini_std": 0.01688622166314477,
  "reproductive_skew": 0.39320287647598706,
  "reproductive_skew_std": 0.04347237425870876,
  "violence_rate": 0.021015120417124254,
  "violence_rate_std": 0.010880918837897336,
  "violence_death_frac": 0.05107882949340584,
  "violence_death_frac_std": 0.0023293627893816345,
  "pair_bonded_pct": 0.3558834035829126,
  "pair_bonded_pct_std": 0.025599705021124883,
  "unmated_male_pct": 0.19424518999518997,
  "unmated_male_pct_std": 0.12118856514092236,
  "avg_lifetime_births": 3.2147352092352093,
  "avg_lifetime_births_std": 0.43407875131131174,
  "child_survival": 0.6548411514556453,
  "child_survival_std": 0.022828305124439133,
  "bond_dissolution": 0.06044533246643774,
  "bond_dissolution_std": 0.00790464055510578,
  "avg_lifespan": 15.384953102453101,
  "avg_lifespan_std": 1.5099174491584624,
  "pop_growth_rate": 0.012526997394091402,
  "pop_growth_rate_std": 0.013138245851293015,
  "avg_cooperation": 0.5123137156761823,
  "avg_cooperation_std": 0.06362652732140985,
  "avg_aggression": 0.5161842462641005,
  "avg_aggression_std": 0.07725435832965058,
  "avg_intelligence": 0.5828430773195686,
  "avg_intelligence_std": 0.053995870366532354,
  "law_strength": 0.47486827747372057,
  "law_strength_std": 0.07490362621875268,
  "civilization_stability": 0.6931485961162819,
  "civilization_stability_std": 0.038627227874463904,
  "social_cohesion": 0.553215777003087,
  "social_cohesion_std": 0.0348237738566347,
  "n_survived": 10,
  "n_seeds": 10
}