{
  "timestamp": "2026-03-15T20:08:38.195255",
  "scenarios": [
    "FREE_COMPETITION",
    "ENFORCED_MONOGAMY",
    "ELITE_POLYGYNY",
    "HIGH_FEMALE_CHOICE"
  ],
  "results": {
    "FREE_COMPETITION": {
      "overrides": {},
      "seeds": [
        1001,
        2002,
        3003,
        4004,
        5005,
        6006,
        7007,
        8008,
        9009,
        1337
      ],
      "aggregate": {
        "final_population": 618.5,
        "final_population_std": 147.73439003833874,
        "total_births": 16943.5,
        "total_births_std": 2288.036636507379,
        "total_deaths": 16196.3,
        "total_deaths_std": 2144.238142091498,
        "total_conflicts": 4618.2,
        "total_conflicts_std": 887.1426942718966,
        "resource_gini": 0.38157564712743663,
        "resource_gini_std": 0.009256649958383543,
        "reproductive_skew": 0.458688298380708,
        "reproductive_skew_std": 0.015742285320037436,
        "violence_rate": 0.007520897926279586,
        "violence_rate_std": 0.0013080062226757945,
        "violence_death_frac": 0.03688837074466974,
        "violence_death_frac_std": 0.005953004718281771,
        "pair_bonded_pct": 0.37222386199467106,
        "pair_bonded_pct_std": 0.010116585518674562,
        "unmated_male_pct": 0.2678133708585985,
        "unmated_male_pct_std": 0.026449383473864663,
        "avg_lifetime_births": 4.192257376768017,
        "avg_lifetime_births_std": 0.2451399336229354,
        "child_survival": 0.6695197020906428,
        "child_survival_std": 0.010931519852766929,
        "bond_dissolution": 0.10813142371911802,
        "bond_dissolution_std": 0.003762378860994834,
        "avg_lifespan": 17.818383842226243,
        "avg_lifespan_std": 0.6651487615121564,
        "pop_growth_rate": 0.0045536857878426895,
        "pop_growth_rate_std": 0.005720960998500551,
        "avg_cooperation": 0.5258662372582382,
        "avg_cooperation_std": 0.019704923511477842,
        "avg_aggression": 0.4484708907030394,
        "avg_aggression_std": 0.03760151861862072,
        "avg_intelligence": 0.6354695026024038,
        "avg_intelligence_std": 0.020054778683300585,
        "law_strength": 0.935607459019238,
        "law_strength_std": 0.050090782123171494,
        "civilization_stability": 0.7756418805432613,
        "civilization_stability_std": 0.007652393018460804,
        "social_cohesion": 0.5812237241935806,
        "social_cohesion_std": 0.010617662452327415,
        "n_survived": 10,
        "n_seeds": 10
      }
    },
    "ENFORCED_MONOGAMY": {
      "overrides": {
        "mating_system": "monogamy",
        "max_mates_per_male": 1,
        "law_strength": 0.7,
        "violence_punishment_strength": 0.5
      },
      "seeds": [
        1001,
        2002,
        3003,
        4004,
        5005,
        6006,
        7007,
        8008,
        9009,
        1337
      ],
      "aggregate": {
        "final_population": 695.5,
        "final_population_std": 248.23547288814305,
        "total_births": 18703.9,
        "total_births_std": 1858.7182922648606,
        "total_deaths": 17924.8,
        "total_deaths_std": 1671.3690077298909,
        "total_conflicts": 3350.6,
        "total_conflicts_std": 474.7875735526363,
        "resource_gini": 0.3849753484677979,
        "resource_gini_std": 0.007304042910048351,
        "reproductive_skew": 0.38212840264184694,
        "reproductive_skew_std": 0.016438861031473868,
        "violence_rate": 0.006721839930103832,
        "violence_rate_std": 0.000940904010728702,
        "violence_death_frac": 0.023433643800891593,
        "violence_death_frac_std": 0.0031686161474600923,
        "pair_bonded_pct": 0.4169288208513726,
        "pair_bonded_pct_std": 0.012221099736033636,
        "unmated_male_pct": 0.08168760347496479,
        "unmated_male_pct_std": 0.03873163217645094,
        "avg_lifetime_births": 4.010496571262134,
        "avg_lifetime_births_std": 0.41331901466907023,
        "child_survival": 0.6683660502471955,
        "child_survival_std": 0.011278324484721906,
        "bond_dissolution": 0.11059935518665982,
        "bond_dissolution_std": 0.004305423555703096,
        "avg_lifespan": 18.91346330428697,
        "avg_lifespan_std": 1.0817335184072168,
        "pop_growth_rate": 0.010039223234465055,
        "pop_growth_rate_std": 0.006105191004338182,
        "avg_cooperation": 0.5242557418182752,
        "avg_cooperation_std": 0.023767584514116966,
        "avg_aggression": 0.4403325154612102,
        "avg_aggression_std": 0.026902412013280922,
        "avg_intelligence": 0.6457587587711549,
        "avg_intelligence_std": 0.014194910718463257,
        "law_strength": 1.0,
        "law_strength_std": 0.0,
        "civilization_stability": 0.7819742325683817,
        "civilization_stability_std": 0.00545205801976625,
        "social_cohesion": 0.5972250841126606,
        "social_cohesion_std": 0.007632965256035378,
        "n_survived": 10,
        "n_seeds": 10
      }
    },
    "ELITE_POLYGYNY": {
      "overrides": {
        "elite_privilege_multiplier": 3.0,
        "max_mates_per_male": 5
      },
      "seeds": [
        1001,
        2002,
        3003,
        4004,
        5005,
        6006,
        7007,
        8008,
        9009,
        1337
      ],
      "aggregate": {
        "final_population": 601.3,
        "final_population_std": 240.7189439990131,
        "total_births": 17577.9,
        "total_births_std": 2659.377425263289,
        "total_deaths": 16825.4,
        "total_deaths_std": 2353.945165036773,
        "total_conflicts": 4695.5,
        "total_conflicts_std": 843.940074886837,
        "resource_gini": 0.3822263862252388,
        "resource_gini_std": 0.01080918418642803,
        "reproductive_skew": 0.4578301812554508,
        "reproductive_skew_std": 0.021795282411543934,
        "violence_rate": 0.009281499742689303,
        "violence_rate_std": 0.002740053756891548,
        "violence_death_frac": 0.03664484682987619,
        "violence_death_frac_std": 0.005782823778962398,
        "pair_bonded_pct": 0.37572471015750736,
        "pair_bonded_pct_std": 0.013252258248474159,
        "unmated_male_pct": 0.2980462176232187,
        "unmated_male_pct_std": 0.03886475733415169,
        "avg_lifetime_births": 3.971083184706834,
        "avg_lifetime_births_std": 0.5101384070507828,
        "child_survival": 0.6718576756246948,
        "child_survival_std": 0.014080890949871475,
        "bond_dissolution": 0.10469840487722673,
        "bond_dissolution_std": 0.002535124314386686,
        "avg_lifespan": 18.794843475544123,
        "avg_lifespan_std": 0.9661878485510479,
        "pop_growth_rate": -0.004965972413319787,
        "pop_growth_rate_std": 0.013486919393697627,
        "avg_cooperation": 0.5319995353953572,
        "avg_cooperation_std": 0.04010443232665769,
        "avg_aggression": 0.44874879470835644,
        "avg_aggression_std": 0.02710399190223242,
        "avg_intelligence": 0.644754919651125,
        "avg_intelligence_std": 0.023176706884836806,
        "law_strength": 0.9361174306237263,
        "law_strength_std": 0.06298338021610686,
        "civilization_stability": 0.7634131970033309,
        "civilization_stability_std": 0.018232702074257905,
        "social_cohesion": 0.5827015880349088,
        "social_cohesion_std": 0.02026373079487955,
        "n_survived": 10,
        "n_seeds": 10
      }
    },
    "HIGH_FEMALE_CHOICE": {
      "overrides": {
        "female_choice_strength": 0.95,
        "male_competition_intensity": 0.9
      },
      "seeds": [
        1001,
        2002,
        3003,
        4004,
        5005,
        6006,
        7007,
        8008,
        9009,
        1337
      ],
      "aggregate": {
        "final_population": 676.3,
        "final_population_std": 237.27075251703485,
        "total_births": 16835.7,
        "total_births_std": 3593.832329143918,
        "total_deaths": 16023.7,
        "total_deaths_std": 3423.9485115871703,