{
  "final_population": 65.5,
  "final_population_std": 65.6387842666209,
  "total_births": 2198.0,
  "total_births_std": 921.2193007096628,
  "total_deaths": 2544.5,
  "total_deaths_std": 825.3966622176273,
  "total_conflicts": 1338.9,
  "total_conflicts_std": 519.0682903048499,
  "resource_gini": 0.2897853914312563,
  "resource_gini_std": 0.017604523565451138,
  "reproductive_skew": 0.44648088894554394,
  "reproductive_skew_std": 0.04639859058894032,
  "violence_rate": 0.0202534042541193,
  "violence_rate_std": 0.006220670754677224,
  "violence_death_frac": 0.06902800768447434,
  "violence_death_frac_std": 0.011131846095306293,
  "pair_bonded_pct": 0.3875011333136044,
  "pair_bonded_pct_std": 0.02506408464016639,
  "unmated_male_pct": 0.333678169539068,
  "unmated_male_pct_std": 0.1313156313998789,
  "avg_lifetime_births": 3.254637556608634,
  "avg_lifetime_births_std": 0.4767049749367604,
  "child_survival": 0.5794116018277514,
  "child_survival_std": 0.038951972405064456,
  "bond_dissolution": 0.1006086712353155,
  "bond_dissolution_std": 0.008802649796748838,
  "avg_lifespan": 16.888704991607497,
  "avg_lifespan_std": 2.736255969446696,
  "pop_growth_rate": -0.0005666237583704023,
  "pop_growth_rate_std": 0.015270206214555979,
  "avg_cooperation": 0.5105345256850808,
  "avg_cooperation_std": 0.053587568931806454,
  "avg_aggression": 0.47911610521469133,
  "avg_aggression_std": 0.04029822472413328,
  "avg_intelligence": 0.5527490022801141,
  "avg_intelligence_std": 0.04882488811487253,
  "law_strength": 0.47532114956276955,
  "law_strength_std": 0.06455079389621882,
  "civilization_stability": 0.7141271311629022,
  "civilization_stability_std": 0.02494701562206918,
  "social_cohesion": 0.5645224516161448,
  "social_cohesion_std": 0.02186605614221709,
  "n_survived": 10,
  "n_seeds": 10
}