{
  "final_population": 689.9,
  "final_population_std": 240.54415395099502,
  "total_births": 19289.2,
  "total_births_std": 2102.7748714496283,
  "total_deaths": 18490.6,
  "total_deaths_std": 2019.632550737881,
  "total_conflicts": 3193.4,
  "total_conflicts_std": 603.026234918515,
  "resource_gini": 0.23080303290231682,
  "resource_gini_std": 0.012480348907400745,
  "reproductive_skew": 0.3791968459404181,
  "reproductive_skew_std": 0.016522101212857732,
  "violence_rate": 0.007473169405372619,
  "violence_rate_std": 0.0021388245104149734,
  "violence_death_frac": 0.02085157652790996,
  "violence_death_frac_std": 0.0031649378396792407,
  "pair_bonded_pct": 0.41819465929555283,
  "pair_bonded_pct_std": 0.01638883587369512,
  "unmated_male_pct": 0.1189408610242227,
  "unmated_male_pct_std": 0.0880122504798167,
  "avg_lifetime_births": 3.8164286723548564,
  "avg_lifetime_births_std": 0.3688341230340894,
  "child_survival": 0.6547905483576855,
  "child_survival_std": 0.016367246907227295,
  "bond_dissolution": 0.11121308998131452,
  "bond_dissolution_std": 0.003228999866752479,
  "avg_lifespan": 19.1861170399386,
  "avg_lifespan_std": 2.473514420625214,
  "pop_growth_rate": 0.004256659083178687,
  "pop_growth_rate_std": 0.016612592655321026,
  "avg_cooperation": 0.5122753697105082,
  "avg_cooperation_std": 0.023618427342700053,
  "avg_aggression": 0.4766229385770987,
  "avg_aggression_std": 0.027826655291380446,
  "avg_intelligence": 0.6074069394587067,
  "avg_intelligence_std": 0.020303982351742186,
  "law_strength": 1.0,
  "law_strength_std": 0.0,
  "civilization_stability": 0.8016009030050417,
  "civilization_stability_std": 0.01918987780738992,
  "social_cohesion": 0.591936816880931,
  "social_cohesion_std": 0.0106648849548692,
  "n_survived": 10,
  "n_seeds": 10
}