{
  "final_population": 569.4,
  "final_population_std": 258.9274801947449,
  "total_births": 15056.3,
  "total_births_std": 2349.080715939748,
  "total_deaths": 14436.6,
  "total_deaths_std": 2224.2906374842296,
  "total_conflicts": 6033.9,
  "total_conflicts_std": 962.2502221355941,
  "resource_gini": 0.3158292521713626,
  "resource_gini_std": 0.01216556928037883,
  "reproductive_skew": 0.4569345644631346,
  "reproductive_skew_std": 0.024243964182892448,
  "violence_rate": 0.02145099178674067,
  "violence_rate_std": 0.005392641924880389,
  "violence_death_frac": 0.05437812397250894,
  "violence_death_frac_std": 0.005275739030175248,
  "pair_bonded_pct": 0.37295297900492014,
  "pair_bonded_pct_std": 0.015270919745514023,
  "unmated_male_pct": 0.2881333036733536,
  "unmated_male_pct_std": 0.03213686362229769,
  "avg_lifetime_births": 3.827737839993194,
  "avg_lifetime_births_std": 0.37820915625760515,
  "child_survival": 0.6676685229812811,
  "child_survival_std": 0.010477409363506449,
  "bond_dissolution": 0.10294600665172067,
  "bond_dissolution_std": 0.0031267855477480444,
  "avg_lifespan": 19.054162965365386,
  "avg_lifespan_std": 1.6139698972059162,
  "pop_growth_rate": 0.0014566193647594578,
  "pop_growth_rate_std": 0.011243450792310554,
  "avg_cooperation": 0.5234075411867866,
  "avg_cooperation_std": 0.024198143095494694,
  "avg_aggression": 0.4478748910361124,
  "avg_aggression_std": 0.028717324264530754,
  "avg_intelligence": 0.6320054295619274,
  "avg_intelligence_std": 0.019569137323017818,
  "law_strength": 0.0,
  "law_strength_std": 0.0,
  "civilization_stability": 0.7583986357033357,
  "civilization_stability_std": 0.012818078569631474,
  "social_cohesion": 0.5630828193930109,
  "social_cohesion_std": 0.012714858839460072,
  "n_survived": 10,
  "n_seeds": 10
}