{
  "final_population": 562.1,
  "final_population_std": 173.0649877936031,
  "total_births": 6087.6,
  "total_births_std": 1692.8707688420875,
  "total_deaths": 5823.8,
  "total_deaths_std": 1618.7718678059612,
  "total_conflicts": 1824.1,
  "total_conflicts_std": 571.6174332540952,
  "resource_gini": 0.3085845339227987,
  "resource_gini_std": 0.009160672515576758,
  "reproductive_skew": 0.4586230819729544,
  "reproductive_skew_std": 0.018820367871970615,
  "violence_rate": 0.012098873796088733,
  "violence_rate_std": 0.00232386073405711,
  "violence_death_frac": 0.04126230985785985,
  "violence_death_frac_std": 0.0033097065685364596,
  "pair_bonded_pct": 0.36775829174847385,
  "pair_bonded_pct_std": 0.01525572523892078,
  "unmated_male_pct": 0.27598786274370796,
  "unmated_male_pct_std": 0.03769266047704164,
  "avg_lifetime_births": 4.119193162971518,
  "avg_lifetime_births_std": 0.2972680247958659,
  "child_survival": 0.6683088985635391,
  "child_survival_std": 0.023279241745276357,
  "bond_dissolution": 0.09397436345030999,
  "bond_dissolution_std": 0.006101014105424423,
  "avg_lifespan": 18.118162297258486,
  "avg_lifespan_std": 1.6752671288881666,
  "pop_growth_rate": 0.012131372314318666,
  "pop_growth_rate_std": 0.010066152893114615,
  "avg_cooperation": 0.5124657559395595,
  "avg_cooperation_std": 0.021536076521042075,
  "avg_aggression": 0.4772252161608533,
  "avg_aggression_std": 0.01985943632736509,
  "avg_intelligence": 0.5625445630464572,
  "avg_intelligence_std": 0.012406700424854112,
  "law_strength": 0.49920693033385427,
  "law_strength_std": 0.026295570365349435,
  "civilization_stability": 0.781128949051881,
  "civilization_stability_std": 0.014971575739480835,
  "social_cohesion": 0.5685781122426787,
  "social_cohesion_std": 0.00893084306573671,
  "n_survived": 10,
  "n_seeds": 10
}