{
  "final_population": 668.5,
  "final_population_std": 277.2166120563485,
  "total_births": 18676.5,
  "total_births_std": 1101.6152912882064,
  "total_deaths": 17917.9,
  "total_deaths_std": 1088.9757067997432,
  "total_conflicts": 3055.9,
  "total_conflicts_std": 324.8613396512426,
  "resource_gini": 0.22659477915625362,
  "resource_gini_std": 0.01371082552114223,
  "reproductive_skew": 0.3933535752449811,
  "reproductive_skew_std": 0.018902566527351526,
  "violence_rate": 0.008925589562492448,
  "violence_rate_std": 0.002818506137484206,
  "violence_death_frac": 0.021282982127732546,
  "violence_death_frac_std": 0.0023590675566615535,
  "pair_bonded_pct": 0.43073292790704254,
  "pair_bonded_pct_std": 0.02016247531579402,
  "unmated_male_pct": 0.11907304810275599,
  "unmated_male_pct_std": 0.09120992568785506,
  "avg_lifetime_births": 3.645708021550258,
  "avg_lifetime_births_std": 0.4954386331565049,
  "child_survival": 0.6447526782567526,
  "child_survival_std": 0.009825012895351695,
  "bond_dissolution": 0.10992414983820212,
  "bond_dissolution_std": 0.0048202608837451194,
  "avg_lifespan": 19.438835774536578,
  "avg_lifespan_std": 2.463556805338457,
  "pop_growth_rate": -0.005272030796278491,
  "pop_growth_rate_std": 0.01731223732328108,
  "avg_cooperation": 0.5087935963808945,
  "avg_cooperation_std": 0.013074870565187694,
  "avg_aggression": 0.46530862422332386,
  "avg_aggression_std": 0.02364023911581143,
  "avg_intelligence": 0.6091868529128237,
  "avg_intelligence_std": 0.021542146576320108,
  "law_strength": 1.0,
  "law_strength_std": 0.0,
  "civilization_stability": 0.7866081887293024,
  "civilization_stability_std": 0.024359445428265573,
  "social_cohesion": 0.5931169763667071,
  "social_cohesion_std": 0.005477722533717453,
  "n_survived": 10,
  "n_seeds": 10
}