{
  "resource_gini": 0.32919290621560415,
  "resource_gini_std": 0.012986171031329818,
  "reproductive_skew": 0.4450262350969667,
  "reproductive_skew_std": 0.0460436103497694,
  "violence_rate": 0.02130208860779593,
  "violence_rate_std": 0.006440716232181675,
  "violence_death_frac": 0.05106712460832541,
  "violence_death_frac_std": 0.002848477981951846,
  "pair_bonded_pct": 0.37282019704630986,
  "pair_bonded_pct_std": 0.028463485547726337,
  "unmated_male_pct": 0.22939493839493844,
  "unmated_male_pct_std": 0.10882952989484738,
  "avg_lifetime_births": 2.8919252044252044,
  "avg_lifetime_births_std": 0.3995014465660327,
  "child_survival": 0.6606494872078703,
  "child_survival_std": 0.02387541709874166,
  "bond_dissolution": 0.05996665827395797,
  "bond_dissolution_std": 0.010268363611221316,
  "avg_lifespan": 17.615483504512916,
  "avg_lifespan_std": 1.6229068105868056,
  "pop_growth_rate": 0.019082013189624637,
  "pop_growth_rate_std": 0.011557964379972942,
  "avg_cooperation": 0.5118622376716123,
  "avg_cooperation_std": 0.09476253169094434,
  "avg_aggression": 0.5105218904154335,
  "avg_aggression_std": 0.07747113730065058,
  "avg_intelligence": 0.52218420120015,
  "avg_intelligence_std": 0.05382250158529504,
  "law_strength": 0.45068850799980636,
  "law_strength_std": 0.10791018024805417,
  "civilization_stability": 0.6914680718094912,
  "civilization_stability_std": 0.022733314917886827,
  "social_cohesion": 0.5586043532751085,
  "social_cohesion_std": 0.04176508361776853,
  "n_survived": 5,
  "n_seeds": 5
}