{
  "final_population": 685.1,
  "final_population_std": 123.5042104545428,
  "total_births": 19043.0,
  "total_births_std": 1260.955986543543,
  "total_deaths": 18098.6,
  "total_deaths_std": 1209.7555290222897,
  "total_conflicts": 3898.0,
  "total_conflicts_std": 500.8524732892911,
  "resource_gini": 0.3837862464106769,
  "resource_gini_std": 0.010035117864958996,
  "reproductive_skew": 0.45340608157015777,
  "reproductive_skew_std": 0.019739217233998015,
  "violence_rate": 0.006533841638706116,
  "violence_rate_std": 0.0015023382571996285,
  "violence_death_frac": 0.027740584973724565,
  "violence_death_frac_std": 0.0020660003333781833,
  "pair_bonded_pct": 0.3715632925813962,
  "pair_bonded_pct_std": 0.014237753092776013,
  "unmated_male_pct": 0.26293016739626796,
  "unmated_male_pct_std": 0.02448063014883384,
  "avg_lifetime_births": 4.275585055082075,
  "avg_lifetime_births_std": 0.22352692171620522,
  "child_survival": 0.6640754820675386,
  "child_survival_std": 0.01193012645339285,
  "bond_dissolution": 0.1105219285468684,
  "bond_dissolution_std": 0.0031338101395476294,
  "avg_lifespan": 17.282809346277162,
  "avg_lifespan_std": 1.280648746321545,
  "pop_growth_rate": 0.005630791895675588,
  "pop_growth_rate_std": 0.009456443148098018,
  "avg_cooperation": 0.5234745634862522,
  "avg_cooperation_std": 0.015391267082326675,
  "avg_aggression": 0.4394445355926996,
  "avg_aggression_std": 0.018819435497558358,
  "avg_intelligence": 0.6400407389576592,
  "avg_intelligence_std": 0.01909856447741528,
  "law_strength": 1.0,
  "law_strength_std": 0.0,
  "civilization_stability": 0.7768117258432878,
  "civilization_stability_std": 0.00967689491524751,
  "social_cohesion": 0.581269675749607,
  "social_cohesion_std": 0.004413724444496512,
  "n_survived": 10,
  "n_seeds": 10
}