{
  "final_population": 588.2,
  "final_population_std": 210.89940730120605,
  "total_births": 18004.5,
  "total_births_std": 2101.1715898517186,
  "total_deaths": 17211.5,
  "total_deaths_std": 2071.191746314184,
  "total_conflicts": 5187.3,
  "total_conflicts_std": 1026.548006670901,
  "resource_gini": 0.37421826370946587,
  "resource_gini_std": 0.012679396061829901,
  "reproductive_skew": 0.4547505954178388,
  "reproductive_skew_std": 0.01488582942164138,
  "violence_rate": 0.010295220133330112,
  "violence_rate_std": 0.003668064168486169,
  "violence_death_frac": 0.03830051848441546,
  "violence_death_frac_std": 0.004764035737079837,
  "pair_bonded_pct": 0.3876251273451588,
  "pair_bonded_pct_std": 0.02703680542613026,
  "unmated_male_pct": 0.2624928791090766,
  "unmated_male_pct_std": 0.023253425576318376,
  "avg_lifetime_births": 3.98983274266634,
  "avg_lifetime_births_std": 0.4277312980594394,
  "child_survival": 0.6613691267299936,
  "child_survival_std": 0.011242521163744485,
  "bond_dissolution": 0.105436850592985,
  "bond_dissolution_std": 0.005449790979928093,
  "avg_lifespan": 18.197477315919503,
  "avg_lifespan_std": 1.8718851771532257,
  "pop_growth_rate": -0.005190359016269133,
  "pop_growth_rate_std": 0.016231719463349413,
  "avg_cooperation": 0.5244488875260052,
  "avg_cooperation_std": 0.020882050245540074,
  "avg_aggression": 0.4531969908078704,
  "avg_aggression_std": 0.015407841952266244,
  "avg_intelligence": 0.6312811225079302,
  "avg_intelligence_std": 0.017759610555454105,
  "law_strength": 0.926705547844897,
  "law_strength_std": 0.03618875533937889,
  "civilization_stability": 0.7580531179098516,
  "civilization_stability_std": 0.01697058430120862,
  "social_cohesion": 0.5825793244145449,
  "social_cohesion_std": 0.01147805021127998,
  "n_survived": 10,
  "n_seeds": 10
}