{
  "resource_gini": 0.3286718530422458,
  "resource_gini_std": 0.010034672522484942,
  "reproductive_skew": 0.4497267249647532,
  "reproductive_skew_std": 0.013433639838131301,
  "violence_rate": 0.016817560539919178,
  "violence_rate_std": 0.0035456136881865416,
  "violence_death_frac": 0.050472883202229334,
  "violence_death_frac_std": 0.007060001117761043,
  "pair_bonded_pct": 0.3659241384982361,
  "pair_bonded_pct_std": 0.011146794572495254,
  "unmated_male_pct": 0.25050010622812036,
  "unmated_male_pct_std": 0.01865952762301767,
  "avg_lifetime_births": 3.848749567957616,
  "avg_lifetime_births_std": 0.2193902378314139,
  "child_survival": 0.6620945168991219,
  "child_survival_std": 0.01723300919565424,
  "bond_dissolution": 0.10248087132870395,
  "bond_dissolution_std": 0.0033059135497791902,
  "avg_lifespan": 18.04982763290655,
  "avg_lifespan_std": 1.0565223368909233,
  "pop_growth_rate": 0.006522110898561563,
  "pop_growth_rate_std": 0.01428281527619658,
  "avg_cooperation": 0.5109931010899743,
  "avg_cooperation_std": 0.021508630905302188,
  "avg_aggression": 0.46794304912364,
  "avg_aggression_std": 0.010183874385209402,
  "avg_intelligence": 0.5462283620110241,
  "avg_intelligence_std": 0.0050321693681051665,
  "law_strength": 0.47593981075211095,
  "law_strength_std": 0.04098101241903686,
  "civilization_stability": 0.7698090648480178,
  "civilization_stability_std": 0.010732647237202015,
  "social_cohesion": 0.5614487382354734,
  "social_cohesion_std": 0.008362100770424092,
  "n_survived": 5,
  "n_seeds": 5
}