{
  "resource_gini": 0.3289516450026265,
  "resource_gini_std": 0.011060254630045403,
  "reproductive_skew": 0.3876734297710094,
  "reproductive_skew_std": 0.017498487841439,
  "violence_rate": 0.01063194025829593,
  "violence_rate_std": 0.0025041139794830876,
  "violence_death_frac": 0.03109053920188081,
  "violence_death_frac_std": 0.0029437441146189795,
  "pair_bonded_pct": 0.4293674845745404,
  "pair_bonded_pct_std": 0.0234535800986658,
  "unmated_male_pct": 0.08774767104607344,
  "unmated_male_pct_std": 0.024207663155622346,
  "avg_lifetime_births": 4.084349008440304,
  "avg_lifetime_births_std": 0.29979750473401146,
  "child_survival": 0.6899412105501327,
  "child_survival_std": 0.00825273403164497,
  "bond_dissolution": 0.1087573409489494,
  "bond_dissolution_std": 0.0029889721288873035,
  "avg_lifespan": 18.592476315957086,
  "avg_lifespan_std": 1.7742146723160024,
  "pop_growth_rate": 0.008247118123191956,
  "pop_growth_rate_std": 0.011796996431475262,
  "avg_cooperation": 0.5114697767699867,
  "avg_cooperation_std": 0.015796110721952,
  "avg_aggression": 0.4765592264339415,
  "avg_aggression_std": 0.012872261996663789,
  "avg_intelligence": 0.5595073766573889,
  "avg_intelligence_std": 0.015528359819840217,
  "law_strength": 0.921487594581641,
  "law_strength_std": 0.01219286096668459,
  "civilization_stability": 0.7863251471599367,
  "civilization_stability_std": 0.009107698390106113,
  "social_cohesion": 0.5915766049862139,
  "social_cohesion_std": 0.010143666991549335,
  "n_survived": 5,
  "n_seeds": 5
}