{
  "final_population": 618.5,
  "final_population_std": 147.73439003833874,
  "total_births": 16943.5,
  "total_births_std": 2288.036636507379,
  "total_deaths": 16196.3,
  "total_deaths_std": 2144.238142091498,
  "total_conflicts": 4618.2,
  "total_conflicts_std": 887.1426942718966,
  "resource_gini": 0.38157564712743663,
  "resource_gini_std": 0.009256649958383543,
  "reproductive_skew": 0.458688298380708,
  "reproductive_skew_std": 0.015742285320037436,
  "violence_rate": 0.007520897926279586,
  "violence_rate_std": 0.0013080062226757945,
  "violence_death_frac": 0.03688837074466974,
  "violence_death_frac_std": 0.005953004718281771,
  "pair_bonded_pct": 0.37222386199467106,
  "pair_bonded_pct_std": 0.010116585518674562,
  "unmated_male_pct": 0.2678133708585985,
  "unmated_male_pct_std": 0.026449383473864663,
  "avg_lifetime_births": 4.192257376768017,
  "avg_lifetime_births_std": 0.2451399336229354,
  "child_survival": 0.6695197020906428,
  "child_survival_std": 0.010931519852766929,
  "bond_dissolution": 0.10813142371911802,
  "bond_dissolution_std": 0.003762378860994834,
  "avg_lifespan": 17.818383842226243,
  "avg_lifespan_std": 0.6651487615121564,
  "pop_growth_rate": 0.0045536857878426895,
  "pop_growth_rate_std": 0.005720960998500551,
  "avg_cooperation": 0.5258662372582382,
  "avg_cooperation_std": 0.019704923511477842,
  "avg_aggression": 0.4484708907030394,
  "avg_aggression_std": 0.03760151861862072,
  "avg_intelligence": 0.6354695026024038,
  "avg_intelligence_std": 0.020054778683300585,
  "law_strength": 0.935607459019238,
  "law_strength_std": 0.050090782123171494,
  "civilization_stability": 0.7756418805432613,
  "civilization_stability_std": 0.007652393018460804,
  "social_cohesion": 0.5812237241935806,
  "social_cohesion_std": 0.010617662452327415,
  "n_survived": 10,
  "n_seeds": 10
}