{
  "resource_gini": 0.19746964254013244,
  "resource_gini_std": 0.004608823488209734,
  "reproductive_skew": 0.3862417887790287,
  "reproductive_skew_std": 0.022335827433706625,
  "violence_rate": 0.008550444545555036,
  "violence_rate_std": 0.000842875251363231,
  "violence_death_frac": 0.02322256083262783,
  "violence_death_frac_std": 0.0037232322630529127,
  "pair_bonded_pct": 0.4257475226527892,
  "pair_bonded_pct_std": 0.014512405020052677,
  "unmated_male_pct": 0.11673399540021996,
  "unmated_male_pct_std": 0.042454800117685924,
  "avg_lifetime_births": 4.092414048202697,
  "avg_lifetime_births_std": 0.12981633312495652,
  "child_survival": 0.6728319779280513,
  "child_survival_std": 0.019029641177648476,
  "bond_dissolution": 0.10711168829213424,
  "bond_dissolution_std": 0.002309440741919671,
  "avg_lifespan": 18.505885667308895,
  "avg_lifespan_std": 0.8910844774900711,
  "pop_growth_rate": 0.0017376211764641145,
  "pop_growth_rate_std": 0.006885343440714596,
  "avg_cooperation": 0.5121687309317047,
  "avg_cooperation_std": 0.014596531269545968,
  "avg_aggression": 0.47931278946776545,
  "avg_aggression_std": 0.013261513688613792,
  "avg_intelligence": 0.5522092271150199,
  "avg_intelligence_std": 0.008139972312136716,
  "law_strength": 0.9809309318342901,
  "law_strength_std": 0.011465190514367944,
  "civilization_stability": 0.8039758030398836,
  "civilization_stability_std": 0.009374325255220646,
  "social_cohesion": 0.5931910696192144,
  "social_cohesion_std": 0.009106690309057197,
  "n_survived": 5,
  "n_seeds": 5
}