{
  "timestamp": "2026-03-15T19:43:12.031187",
  "scenarios": [
    "FREE_COMPETITION",
    "RESOURCE_SCARCITY",
    "RESOURCE_ABUNDANCE"
  ],
  "results": {
    "FREE_COMPETITION": {
      "overrides": {},
      "seeds": [
        1001,
        2002,
        3003,
        4004,
        5005,
        6006,
        7007,
        8008,
        9009,
        1337
      ],
      "aggregate": {
        "final_population": 725.2,
        "final_population_std": 223.8436061182003,
        "total_births": 17547.9,
        "total_births_std": 2245.1343144676225,
        "total_deaths": 16658.1,
        "total_deaths_std": 1991.394559096715,
        "total_conflicts": 4755.0,
        "total_conflicts_std": 875.4522259952281,
        "resource_gini": 0.37141062349998055,
        "resource_gini_std": 0.009159319584866868,
        "reproductive_skew": 0.46115399076715463,
        "reproductive_skew_std": 0.020997610418047336,
        "violence_rate": 0.008990296942615456,
        "violence_rate_std": 0.0019512393041114136,
        "violence_death_frac": 0.03629614898451253,
        "violence_death_frac_std": 0.005141627833714247,
        "pair_bonded_pct": 0.38115494587881904,
        "pair_bonded_pct_std": 0.009995962542925042,
        "unmated_male_pct": 0.284384125174232,
        "unmated_male_pct_std": 0.028172595708526163,
        "avg_lifetime_births": 3.9440674191184564,
        "avg_lifetime_births_std": 0.36118990774122,
        "child_survival": 0.6650456290693729,
        "child_survival_std": 0.008132326348709352,
        "bond_dissolution": 0.10708831949605006,
        "bond_dissolution_std": 0.00329630942763485,
        "avg_lifespan": 18.9735244842066,
        "avg_lifespan_std": 1.8636951702353393,
        "pop_growth_rate": -0.0015111095932934843,
        "pop_growth_rate_std": 0.009268602452292192,
        "avg_cooperation": 0.5322879514045272,
        "avg_cooperation_std": 0.025570121740936102,
        "avg_aggression": 0.4421030031142236,
        "avg_aggression_std": 0.02207945162492954,
        "avg_intelligence": 0.6357344722953021,
        "avg_intelligence_std": 0.024648711512178654,
        "law_strength": 0.944109667118026,
        "law_strength_std": 0.04283164714502223,
        "civilization_stability": 0.7640172826884964,
        "civilization_stability_std": 0.008802549753846778,
        "social_cohesion": 0.5850815404411283,
        "social_cohesion_std": 0.013600180965252586,
        "n_survived": 10,
        "n_seeds": 10
      }
    },
    "RESOURCE_SCARCITY": {
      "overrides": {
        "resource_abundance": 0.6,
        "resource_volatility": 0.3,
        "scarcity_event_probability": 0.1,
        "scarcity_severity": 0.55,
        "subsistence_floor": 2.5
      },
      "seeds": [
        1001,
        2002,
        3003,
        4004,
        5005,
        6006,
        7007,
        8008,
        9009,
        1337
      ],
      "aggregate": {
        "final_population": 67.4,
        "final_population_std": 31.15509589136262,
        "total_births": 3477.4,
        "total_births_std": 853.3970002290845,
        "total_deaths": 3815.8,
        "total_deaths_std": 836.5728659238237,
        "total_conflicts": 1724.0,
        "total_conflicts_std": 423.23681314365837,
        "resource_gini": 0.3511673191966695,
        "resource_gini_std": 0.017521466429605635,
        "reproductive_skew": 0.44076805804411745,
        "reproductive_skew_std": 0.04249996807948627,
        "violence_rate": 0.015825112418529703,
        "violence_rate_std": 0.009810159392348822,
        "violence_death_frac": 0.058108193912624784,
        "violence_death_frac_std": 0.005192627094338665,
        "pair_bonded_pct": 0.37721051937128963,
        "pair_bonded_pct_std": 0.028173682491271022,
        "unmated_male_pct": 0.28391649094330257,
        "unmated_male_pct_std": 0.0741176342886501,
        "avg_lifetime_births": 3.253332275021335,
        "avg_lifetime_births_std": 0.4954772899606432,
        "child_survival": 0.6169048114327718,
        "child_survival_std": 0.018102775525011144,
        "bond_dissolution": 0.10393185595217536,
        "bond_dissolution_std": 0.00895790070887238,
        "avg_lifespan": 15.62418718916545,
        "avg_lifespan_std": 2.993668729136021,
        "pop_growth_rate": 0.013208261117879889,
        "pop_growth_rate_std": 0.01377609855168732,
        "avg_cooperation": 0.488680549671025,
        "avg_cooperation_std": 0.08282386770069923,
        "avg_aggression": 0.4702498358057835,
        "avg_aggression_std": 0.07119143543189745,
        "avg_intelligence": 0.6198917958933238,
        "avg_intelligence_std": 0.041944235903662384,
        "law_strength": 0.8304311097362564,
        "law_strength_std": 0.11717675491211772,
        "civilization_stability": 0.7278141933133943,
        "civilization_stability_std": 0.042125743874420175,
        "social_cohesion": 0.5577145111251992,
        "social_cohesion_std": 0.039086631819686135,
        "n_survived": 10,
        "n_seeds": 10
      }
    },
    "RESOURCE_ABUNDANCE": {
      "overrides": {
        "resource_abundance": 2.5,
        "resource_volatility": 0.1
      },
      "seeds": [
        1001,
        2002,
        3003,
        4004,
        5005,
        6006,
        7007,
        8008,
        9009,
        1337
      ],
      "aggregate": {
        "final_population": 937.6,
        "final_population_std": 348.42020607306915,
        "total_births": 24214.9,
        "total_births_std": 3173.318781654311,
        "total_deaths": 22769.8,
        "total_deaths_std": 2964.5977062663997,
        "total_conflicts": 5417.8,
        "total_conflicts_std": 526.1902317603398,
        "resource_gini": 0.3606637843765344,
        "resource_gini_std": 0.01669396493086119,
        "reproductive_skew": 0.45015767873009105,
        "reproductive_skew_std": 0.008369415961300855,
        "violence_rate": 0.007807389216242798,
        "violence_rate_std": 0.0015313427605582498,
        "violence_death_frac": 0.030887489968652704,
        "violence_death_frac_std": 0.0029001709492075885,
        "pair_bonded_pct": 0.3721657233303879,
        "pair_bonded_pct_std": 0.012114359164241936,
        "unmated_male_pct": 0.26942549758909096,
        "unmated_male_pct_std": 0.019718594182369858,
        "avg_lifetime_births": 4.05072263979344,
        "avg_lifetime_births_std": 0.282251486156839,
        "child_survival": 0.6811203384195034,
        "child_survival_std": 0.006827169989178761,
        "bond_dissolution": 0.10126876877455086,
        "bond_dissolution_std": 0.0035408734360882913,
        "avg_lifespan": 18.129628438179733,
        "avg_lifespan_std": 0.9192943837639675,
        "pop_growth_rate": 0.0004955787763772056,
        "pop_growth_rate_std": 0.013045804271707715,
        "avg_cooperation": 0.519532375242436,
        "avg_cooperation_std": 0.023383024607135976,
        "avg_aggression": 0.4461143781613798,
        "avg_aggression_std": 0.02678704835096879,
        "avg_intelligence": 0.6339450862862339,
        "avg_intelligence_std": 0.030592485750405584,
        "law_strength": 0.92532979490862,
        "law_strength_std": 0.06242016033168612,
        "civilization_stability": 0.7688960492692354,
        "civilization_stability_std": 0.011369607221290623,
        "social_cohesion": 0.5783117167423065,
        "social_cohesion_std": 0.013118526996024248,
        "n_survived": 10,
        "n_seeds": 10
      }
    }
  }
}