{
  "resource_gini": 0.3792434485117745,
  "resource_gini_std": 0.013455014178915745,
  "reproductive_skew": 0.4660264311903563,
  "reproductive_skew_std": 0.027252817645179363,
  "violence_rate": 0.01981701573210313,
  "violence_rate_std": 0.003433981191365564,
  "violence_death_frac": 0.051550604313084135,
  "violence_death_frac_std": 0.00611480623376692,
  "pair_bonded_pct": 0.37405611532329447,
  "pair_bonded_pct_std": 0.00821459955325796,
  "unmated_male_pct": 0.3077903005650554,
  "unmated_male_pct_std": 0.03862318330578206,
  "avg_lifetime_births": 3.703042941048875,
  "avg_lifetime_births_std": 0.35632385250225995,
  "child_survival": 0.6703541949448256,
  "child_survival_std": 0.00974915764466221,
  "bond_dissolution": 0.10285183269603049,
  "bond_dissolution_std": 0.006263465323840093,
  "avg_lifespan": 19.64477782587496,
  "avg_lifespan_std": 0.9517006440977842,
  "pop_growth_rate": 9.247786753203806e-05,
  "pop_growth_rate_std": 0.007435421964330069,
  "avg_cooperation": 0.5086009933608764,
  "avg_cooperation_std": 0.009928257140526746,
  "avg_aggression": 0.47255145411207494,
  "avg_aggression_std": 0.014490048143208114,
  "avg_intelligence": 0.5623328574094121,
  "avg_intelligence_std": 0.013080759866049506,
  "law_strength": 0.4589370334423134,
  "law_strength_std": 0.02249018649129446,
  "civilization_stability": 0.7431592762910102,
  "civilization_stability_std": 0.02102650208203878,
  "social_cohesion": 0.5595887680423748,
  "social_cohesion_std": 0.004512151034909585,
  "n_survived": 5,
  "n_seeds": 5
}