{
  "final_population": 434.2,
  "final_population_std": 195.10961021948663,
  "total_births": 6028.7,
  "total_births_std": 1695.5849757532058,
  "total_deaths": 5861.9,
  "total_deaths_std": 1557.4926291960421,
  "total_conflicts": 2349.9,
  "total_conflicts_std": 832.2925507296097,
  "resource_gini": 0.3900177635677577,
  "resource_gini_std": 0.008329176457591363,
  "reproductive_skew": 0.4464355921106816,
  "reproductive_skew_std": 0.0131380710585261,
  "violence_rate": 0.016415346619665865,
  "violence_rate_std": 0.004657163438002567,
  "violence_death_frac": 0.050843813784433534,
  "violence_death_frac_std": 0.008451937466116187,
  "pair_bonded_pct": 0.37426346647443953,
  "pair_bonded_pct_std": 0.02879171670089711,
  "unmated_male_pct": 0.2805874522408941,
  "unmated_male_pct_std": 0.04559444598369264,
  "avg_lifetime_births": 3.985337948583787,
  "avg_lifetime_births_std": 0.4081568351898367,
  "child_survival": 0.6667127440031249,
  "child_survival_std": 0.03539135061245854,
  "bond_dissolution": 0.10506095446207528,
  "bond_dissolution_std": 0.007187139269736646,
  "avg_lifespan": 18.70752074370287,
  "avg_lifespan_std": 2.140820990589654,
  "pop_growth_rate": -0.0005667840041172758,
  "pop_growth_rate_std": 0.018821724502034065,
  "avg_cooperation": 0.517121334195878,
  "avg_cooperation_std": 0.02125138829073713,
  "avg_aggression": 0.4673801553952283,
  "avg_aggression_std": 0.021852845016378606,
  "avg_intelligence": 0.5581560528112609,
  "avg_intelligence_std": 0.022808966852893325,
  "law_strength": 0.4821402684364745,
  "law_strength_std": 0.046376219719653757,
  "civilization_stability": 0.7541464108820254,
  "civilization_stability_std": 0.017247090971486603,
  "social_cohesion": 0.5673215636698228,
  "social_cohesion_std": 0.009750817797502535,
  "n_survived": 10,
  "n_seeds": 10
}