{
  "final_population": 582.2,
  "final_population_std": 245.54380464593277,
  "total_births": 16996.8,
  "total_births_std": 3068.8689708099305,
  "total_deaths": 16233.4,
  "total_deaths_std": 2795.413357627097,
  "total_conflicts": 4582.1,
  "total_conflicts_std": 831.1051016568242,
  "resource_gini": 0.37620885400156556,
  "resource_gini_std": 0.007338185881722794,
  "reproductive_skew": 0.46077371537599393,
  "reproductive_skew_std": 0.01932443072528004,
  "violence_rate": 0.007680640128734916,
  "violence_rate_std": 0.001780358761241769,
  "violence_death_frac": 0.03682626507545701,
  "violence_death_frac_std": 0.0057683671880787175,
  "pair_bonded_pct": 0.37122315785462817,
  "pair_bonded_pct_std": 0.02168226301441406,
  "unmated_male_pct": 0.2850659433107038,
  "unmated_male_pct_std": 0.04303376994430761,
  "avg_lifetime_births": 4.117066043807037,
  "avg_lifetime_births_std": 0.26809460680362435,
  "child_survival": 0.6616425722463013,
  "child_survival_std": 0.017899798695280217,
  "bond_dissolution": 0.10589421980849431,
  "bond_dissolution_std": 0.002926105099325519,
  "avg_lifespan": 18.381417459315664,
  "avg_lifespan_std": 1.7433513757158658,
  "pop_growth_rate": 0.0023575024498391182,
  "pop_growth_rate_std": 0.012710851852509076,
  "avg_cooperation": 0.5454444071002118,
  "avg_cooperation_std": 0.04009263074158246,
  "avg_aggression": 0.4472122318835875,
  "avg_aggression_std": 0.012555339174164352,
  "avg_intelligence": 0.6393381233811113,
  "avg_intelligence_std": 0.02475877966772902,
  "law_strength": 0.948804964981748,
  "law_strength_std": 0.0561187119666318,
  "civilization_stability": 0.7661636500542927,
  "civilization_stability_std": 0.01249593469781288,
  "social_cohesion": 0.5885050679282859,
  "social_cohesion_std": 0.022239412255236745,
  "n_survived": 10,
  "n_seeds": 10
}