{
  "final_population": 937.6,
  "final_population_std": 348.42020607306915,
  "total_births": 24214.9,
  "total_births_std": 3173.318781654311,
  "total_deaths": 22769.8,
  "total_deaths_std": 2964.5977062663997,
  "total_conflicts": 5417.8,
  "total_conflicts_std": 526.1902317603398,
  "resource_gini": 0.3606637843765344,
  "resource_gini_std": 0.01669396493086119,
  "reproductive_skew": 0.45015767873009105,
  "reproductive_skew_std": 0.008369415961300855,
  "violence_rate": 0.007807389216242798,
  "violence_rate_std": 0.0015313427605582498,
  "violence_death_frac": 0.030887489968652704,
  "violence_death_frac_std": 0.0029001709492075885,
  "pair_bonded_pct": 0.3721657233303879,
  "pair_bonded_pct_std": 0.012114359164241936,
  "unmated_male_pct": 0.26942549758909096,
  "unmated_male_pct_std": 0.019718594182369858,
  "avg_lifetime_births": 4.05072263979344,
  "avg_lifetime_births_std": 0.282251486156839,
  "child_survival": 0.6811203384195034,
  "child_survival_std": 0.006827169989178761,
  "bond_dissolution": 0.10126876877455086,
  "bond_dissolution_std": 0.0035408734360882913,
  "avg_lifespan": 18.129628438179733,
  "avg_lifespan_std": 0.9192943837639675,
  "pop_growth_rate": 0.0004955787763772056,
  "pop_growth_rate_std": 0.013045804271707715,
  "avg_cooperation": 0.519532375242436,
  "avg_cooperation_std": 0.023383024607135976,
  "avg_aggression": 0.4461143781613798,
  "avg_aggression_std": 0.02678704835096879,
  "avg_intelligence": 0.6339450862862339,
  "avg_intelligence_std": 0.030592485750405584,
  "law_strength": 0.92532979490862,
  "law_strength_std": 0.06242016033168612,
  "civilization_stability": 0.7688960492692354,
  "civilization_stability_std": 0.011369607221290623,
  "social_cohesion": 0.5783117167423065,
  "social_cohesion_std": 0.013118526996024248,
  "n_survived": 10,
  "n_seeds": 10
}