{
  "final_population": 676.3,
  "final_population_std": 237.27075251703485,
  "total_births": 16835.7,
  "total_births_std": 3593.832329143918,
  "total_deaths": 16023.7,
  "total_deaths_std": 3423.9485115871703,
  "total_conflicts": 4129.5,
  "total_conflicts_std": 1032.4625174794483,
  "resource_gini": 0.3791883575279157,
  "resource_gini_std": 0.008455924619317207,
  "reproductive_skew": 0.4665874722788182,
  "reproductive_skew_std": 0.021469708083223907,
  "violence_rate": 0.007175369728802644,
  "violence_rate_std": 0.0013008085549690359,
  "violence_death_frac": 0.033747195742107924,
  "violence_death_frac_std": 0.003520165986683276,
  "pair_bonded_pct": 0.3644329686977671,
  "pair_bonded_pct_std": 0.015264731347490634,
  "unmated_male_pct": 0.3032551205299284,
  "unmated_male_pct_std": 0.03151279784860921,
  "avg_lifetime_births": 4.033275700874164,
  "avg_lifetime_births_std": 0.3399706659210743,
  "child_survival": 0.6677056669409398,
  "child_survival_std": 0.009907962694441635,
  "bond_dissolution": 0.10690825128941805,
  "bond_dissolution_std": 0.004006349417403102,
  "avg_lifespan": 18.349831950440354,
  "avg_lifespan_std": 1.343775693182965,
  "pop_growth_rate": 0.0017504820626117212,
  "pop_growth_rate_std": 0.011671386397887668,
  "avg_cooperation": 0.5490774925140658,
  "avg_cooperation_std": 0.03773691503923198,
  "avg_aggression": 0.4291271686421562,
  "avg_aggression_std": 0.04382617474785443,
  "avg_intelligence": 0.6435201589726818,
  "avg_intelligence_std": 0.025689508117575966,
  "law_strength": 0.9634492687199911,
  "law_strength_std": 0.04183495615138263,
  "civilization_stability": 0.7714921691500384,
  "civilization_stability_std": 0.00926371244630955,
  "social_cohesion": 0.5882133238888415,
  "social_cohesion_std": 0.01794512067815403,
  "n_survived": 10,
  "n_seeds": 10
}