{
  "final_population": 557.2,
  "final_population_std": 176.33139255390685,
  "total_births": 6439.0,
  "total_births_std": 1301.2709940669545,
  "total_deaths": 6176.9,
  "total_deaths_std": 1155.8787522919522,
  "total_conflicts": 1517.7,
  "total_conflicts_std": 402.7301950437787,
  "resource_gini": 0.3307549259685487,
  "resource_gini_std": 0.013253324988293218,
  "reproductive_skew": 0.3946942602230729,
  "reproductive_skew_std": 0.021121481364945273,
  "violence_rate": 0.009666272239608507,
  "violence_rate_std": 0.0021722886611603323,
  "violence_death_frac": 0.0313359516389066,
  "violence_death_frac_std": 0.003899905900618559,
  "pair_bonded_pct": 0.41509513519881747,
  "pair_bonded_pct_std": 0.014608524968573601,
  "unmated_male_pct": 0.12666022112039327,
  "unmated_male_pct_std": 0.056402644117402506,
  "avg_lifetime_births": 3.9571879639107883,
  "avg_lifetime_births_std": 0.30019629010373466,
  "child_survival": 0.6697548677364334,
  "child_survival_std": 0.023028407225750214,
  "bond_dissolution": 0.11166885101563843,
  "bond_dissolution_std": 0.0033178402189656957,
  "avg_lifespan": 18.820544540985413,
  "avg_lifespan_std": 0.8161966516199913,
  "pop_growth_rate": 0.00031131599230951705,
  "pop_growth_rate_std": 0.006425357322708516,
  "avg_cooperation": 0.5162334632317545,
  "avg_cooperation_std": 0.020889173844697496,
  "avg_aggression": 0.47281726680579067,
  "avg_aggression_std": 0.017882350414491238,
  "avg_intelligence": 0.5537173789999638,
  "avg_intelligence_std": 0.02078861422947869,
  "law_strength": 0.9263893630359539,
  "law_strength_std": 0.015246941760917345,
  "civilization_stability": 0.7771067095734355,
  "civilization_stability_std": 0.016601696229300078,
  "social_cohesion": 0.5896938423127772,
  "social_cohesion_std": 0.00994400041408869,
  "n_survived": 10,
  "n_seeds": 10
}