{
  "n_seeds": 10,
  "traits": {
    "aggression_propensity": {
      "displacement_A_mean": -0.04203189467415988,
      "displacement_B_mean": -0.031205998995489287,
      "paired_diff_mean": -0.010825895678670594,
      "paired_diff_std": 0.025841406407348798,
      "t_displacement": -1.3247919836993776,
      "p_displacement": 0.21789000530641753,
      "cohens_d": -0.4189360094422693,
      "cum_Sn_A_mean": -4.137525679957878e-05,
      "cum_Sn_B_mean": -1.2278110338729618e-05,
      "t_Sn": -2.5073180949087095,
      "p_Sn": 0.03345766219998363,
      "h2": 0.44
    },
    "cooperation_propensity": {
      "displacement_A_mean": 0.028520571815529437,
      "displacement_B_mean": 0.011408947069775011,
      "paired_diff_mean": 0.01711162474575443,
      "paired_diff_std": 0.029240904111279113,
      "t_displacement": 1.8505484117986322,
      "p_displacement": 0.09726604898485358,
      "cohens_d": 0.5851947901690889,
      "cum_Sn_A_mean": 3.7697491236673824e-05,
      "cum_Sn_B_mean": 3.0393417217851575e-06,
      "t_Sn": 3.419241243112615,
      "p_Sn": 0.007637094849123121,
      "h2": 0.4
    },
    "attractiveness_base": {
      "displacement_A_mean": 0.002332007392143759,
      "displacement_B_mean": -0.007581309307973827,
      "paired_diff_mean": 0.009913316700117586,
      "paired_diff_std": 0.017777374355277657,
      "t_displacement": 1.7634021375968452,
      "p_displacement": 0.11166205189789166,
      "cohens_d": 0.557636718561567,
      "cum_Sn_A_mean": 7.679041942614857e-06,
      "cum_Sn_B_mean": 3.955076934008213e-06,
      "t_Sn": 0.5121443953509992,
      "p_Sn": 0.6208801476521781,
      "h2": 0.5
    },
    "status_drive": {
      "displacement_A_mean": -0.002875090626175303,
      "displacement_B_mean": 0.0014513604700229332,
      "paired_diff_mean": -0.004326451096198236,
      "paired_diff_std": 0.02976829654160523,
      "t_displacement": -0.4595976672765608,
      "p_displacement": 0.6567050719881732,
      "cohens_d": -0.14533754358941683,
      "cum_Sn_A_mean": -9.895439410451267e-06,
      "cum_Sn_B_mean": 1.705772430029665e-06,
      "t_Sn": -0.5919570325793511,
      "p_Sn": 0.5684496556671794,
      "h2": 0.5
    },
    "risk_tolerance": {
      "displacement_A_mean": -0.03615686982714174,
      "displacement_B_mean": -0.035918436515956734,
      "paired_diff_mean": -0.0002384333111850101,
      "paired_diff_std": 0.042377499409619025,
      "t_displacement": -0.01779227995763215,
      "p_displacement": 0.9861927579568197,
      "cohens_d": -0.005626412943348175,
      "cum_Sn_A_mean": -2.1279545376423968e-05,
      "cum_Sn_B_mean": 6.5090198156892e-06,
      "t_Sn": -2.177911689615242,
      "p_Sn": 0.05736934948343067,
      "h2": 0.48
    },
    "jealousy_sensitivity": {
      "displacement_A_mean": -0.009608487215165717,
      "displacement_B_mean": -0.00016473661478536573,
      "paired_diff_mean": -0.009443750600380352,
      "paired_diff_std": 0.025557273857476775,
      "t_displacement": -1.168503406048837,
      "p_displacement": 0.2726229414584838,
      "cohens_d": -0.36951322167788975,
      "cum_Sn_A_mean": 1.3872265209528728e-05,
      "cum_Sn_B_mean": -1.3169419119180698e-05,
      "t_Sn": 2.9106433809142254,
      "p_Sn": 0.017293131471251503,
      "h2": 0.45
    },
    "fertility_base": {
      "displacement_A_mean": 0.01811407192955599,
      "displacement_B_mean": 0.018671696386827898,
      "paired_diff_mean": -0.0005576244572719046,
      "paired_diff_std": 0.03345362169232067,
      "t_displacement": -0.052710686460570685,
      "p_displacement": 0.9591138630983301,
      "cohens_d": -0.016668582624640254,
      "cum_Sn_A_mean": 0.0001252993494504342,
      "cum_Sn_B_mean": 0.00011316188687404748,
      "t_Sn": 0.8493143349746555,
      "p_Sn": 0.4177247785627515,
      "h2": 0.5
    },
    "intelligence_proxy": {
      "displacement_A_mean": 0.13285237025964092,
      "displacement_B_mean": 0.09856561281271234,
      "paired_diff_mean": 0.0342867574469286,
      "paired_diff_std": 0.03955894809065867,
      "t_displacement": 2.7408273563178263,
      "p_displacement": 0.022816665086099263,
      "cohens_d": 0.866725711926222,
      "cum_Sn_A_mean": 2.5869120818560305e-05,
      "cum_Sn_B_mean": 3.275081047143625e-06,
      "t_Sn": 3.814656496027775,
      "p_Sn": 0.004123564195390664,
      "h2": 0.65
    },
    "longevity_genes": {
      "displacement_A_mean": -0.0014680862511104952,
      "displacement_B_mean": -0.0004160844413469311,
      "paired_diff_mean": -0.0010520018097635643,
      "paired_diff_std": 0.03609952385389106,
      "t_displacement": -0.09215417452420074,
      "p_displacement": 0.9285942098207126,
      "cohens_d": -0.029141708738913797,
      "cum_Sn_A_mean": -2.2905780988889193e-06,
      "cum_Sn_B_mean": 3.4186753234907967e-06,
      "t_Sn": -0.7120721093054652,
      "p_Sn": 0.49446381365514547,
      "h2": 0.25
    },
    "disease_resistance": {
      "displacement_A_mean": 0.023694308437122807,
      "displacement_B_mean": 0.025934711636374914,
      "paired_diff_mean": -0.0022404031992521055,
      "paired_diff_std": 0.024828278793186585,
      "t_displacement": -0.28535111296997817,
      "p_displacement": 0.7818332683753251,
      "cohens_d": -0.09023594498491455,
      "cum_Sn_A_mean": -1.2391488052003214e-05,
      "cum_Sn_B_mean": -8.618461136055869e-06,
      "t_Sn": -0.2016345851836022,
      "p_Sn": 0.8446861300589249,
      "h2": 0.4
    },
    "physical_robustness": {
      "displacement_A_mean": -0.0005150060509353238,
      "displacement_B_mean": 0.00241605506314565,
      "paired_diff_mean": -0.002931061114080974,
      "paired_diff_std": 0.04328888185414606,
      "t_displacement": -0.2141156963322851,
      "p_displacement": 0.8352292022307201,
      "cohens_d": -0.06770932832029818,
      "cum_Sn_A_mean": -1.1302112911649524e-05,
      "cum_Sn_B_mean": -1.136851607647595e-05,
      "t_Sn": 0.00427246359603292,
      "p_Sn": 0.9966842811640328,
      "h2": 0.5
    },
    "pain_tolerance": {
      "displacement_A_mean": -0.008075878136769738,
      "displacement_B_mean": 0.010184274378003011,
      "paired_diff_mean": -0.018260152514772747,
      "paired_diff_std": 0.024191914002957435,
      "t_displacement": -2.3868997038297266,
      "p_displacement": 0.0407640394927535,
      "cohens_d": -0.7548039610483265,
      "cum_Sn_A_mean": -3.772392333367649e-06,
      "cum_Sn_B_mean": -3.160660749483525e-06,
      "t_Sn": -0.04177012384793244,
      "p_Sn": 0.9675939377456867,
      "h2": 0.45
    },
    "mental_health_baseline": {
      "displacement_A_mean": 0.048743373002759285,
      "displacement_B_mean": 0.04071800564035222,
      "paired_diff_mean": 0.008025367362407072,
      "paired_diff_std": 0.04066742610504738,
      "t_displacement": 0.6240483442259086,
      "p_displacement": 0.5480853553905803,
      "cohens_d": 0.1973414137810658,
      "cum_Sn_A_mean": -1.0322613994742053e-05,
      "cum_Sn_B_mean": -1.0914336166621457e-07,
      "t_Sn": -0.572244315418154,
      "p_Sn": 0.5811668301026164,
      "h2": 0.4
    },
    "emotional_intelligence": {
      "displacement_A_mean": -0.0008214758281643919,
      "displacement_B_mean": -0.00801223013296114,
      "paired_diff_mean": 0.007190754304796748,
      "paired_diff_std": 0.03371238131622619,
      "t_displacement": 0.67450476086285,
      "p_displacement": 0.5169400208431564,
      "cohens_d": 0.2132971336953806,
      "cum_Sn_A_mean": 2.267154343661564e-05,
      "cum_Sn_B_mean": -9.486026461988966e-06,
      "t_Sn": 2.0359672814210192,
      "p_Sn": 0.07223448274211602,
      "h2": 0.4
    },
    "impulse_control": {
      "displacement_A_mean": 0.13954214296926026,
      "displacement_B_mean": 0.11680317939904823,
      "paired_diff_mean": 0.022738963570212017,
      "paired_diff_std": 0.028261096196544093,
      "t_displacement": 2.5443781802864818,
      "p_displacement": 0.03148380726991566,
      "cohens_d": 0.8046030278539815,
      "cum_Sn_A_mean": 7.061929412179794e-06,